AgencyID,LastName,FirstName,MiddleInitial,Gender,AddressLine1,AddressLine2,PostalCode,City,State,Country
gat1o6,gateau,noel,,,20334 anaconda avenue,,60608,Erie,TX,United States of America
cai420,caine,JORDAN,,,17991 chamberlin way,,H5I 1Q9,Irving,MT,United States of America
ztr435,stronski,Jerome,,M,10117 college upper,,33608,Wilmington,AK,United States of America
jan488,janaratne,steffie,,,15603 MORTON AVENUE,,E7N 1Q9,St. Paul,British Columbia,Canada
led521,lefevre,Freida,D,,12357 hayes lower,,M5F 1V3,Regina,NV,United States of America
LIT7w3,LITT,Gladys,N,,4516 whitman lane,,92613,Santa Fe,ND,United States of America
3EI752,REIMAN,Gavrielle,,,8935 young upper,Apt. 637,V6d 1w7,Las Cruces,WY,United States of America
Kni11e1,Knighton,Courtney,Q,f,13177 brighton avenue,Apt. 600,90395,Santa Clara,British Columbia,United States of America
per1e93,perron,joanie,A,m,2384 LAREDO ROAD,,H7h 1v6,Honolulu,IL,Canada
fle1399,flewelling,Christoph,,,18395 bledsoe boulevard,,v6r 1v9,Dayton,LA,United States of America
bAS1426,HASHIMOTO,Iseabal,,m,24178 turtle creek street,,94391,Bellevue,WY,United States of America
H9L1521,HOLDER,ORALIE,,,19551 wainwright lane,,H7e 1s4,Richmond,MD,United States of America
Mat1438,Mathewson,Lea,N,F,2446 forest lane,apt. 80,h5j 1q3,New York,RI,United States of America
WAR15o7,WARSHAWSKY,Vlado,,F,12470 meadow haven east,,E7n 1j7,St. Petersburg,Manitoba,Canada
Gol2657,Golka,AZRA,B,m,17147 vaughan rue,,90166,Alexandria,WA,United States of America
O1E1677,OWENS,timmie,,F,23477 vessey way,Suite 132,90093,Charlotte,IN,Canada
KAP16u2,KAPSA,GEORGE,U,,16959 lacornia crescent,,43659,Salt Lake City,Alberta,United States of America
Del2827,Deluca,Ulrike,,m,14203 brooks west,,T5a 1u8,Springfield,SD,United States of America
BAt2048,BARDSLEY,Foad,,M,5524 FROSTWOOD COURT,,V6D 1R8,Raleigh,ME,Canada
M9u2289,Moulton,htd,,,4679 furr avenue,,h7h 1v4,San Bernardino,PA,United States of America
fAW2551,DAWSON,Walter,,,19518 sheriden upper,,92411,Erie,NH,United States of America
ACT2519,ACTON,MAIDISN,,,4139 PACE LOWER,APT. 485,m5d 1w3,Thousand Oaks,AK,United States of America
Hjt2668,Hutt,birgitte,,f,19634 el monte boulevard,,45252,Torrance,UT,United States of America
Cif3q54,Cifelli,Tu,,M,771 KELLY LOWER,,10151,Worcester,WV,United States of America
Ahmr262,Ahmad,SHIV,,f,3632 norwalk east,,80165,Newport News,MO,United States of America
tom2437,tomassi,Meer,T,m,3261 henderson south,,78741,Colorado Springs,IL,Canada
Schr533,Scheer,Esmail,,,12977 turtle creek rue,,90795,Saint John,MN,Canada
r2m3588,remedios,Opaline,,,19068 coventry park,,H2f 1y5,Dover,Manitoba,United States of America
Rey36q7,Reynolds,luciano,,,19219 cape drive,,45228,Fargo,VT,United States of America
Smy2663,Smyth,BENJAMIN,,M,14255 EUCLID DRIVE,,H6d 1y2,Richmond,CO,United States of America
NAR3u39,NARRAWAY,Whitney,K,,11645 KIMBERLEY CRESCENT,APT. 776,21225,Sandy,CO,United States of America
Bri3917,Brindley,Alfie,,m,21545 elm rue,,79909,Winnipeg,NM,United States of America
KOR4820,KORNACHUK,Felton,,,7474 washington park,Apt. 38,72912,New Haven,Saskatchewan,United States of America
suf4018,Cuffle,Cristine,T,,1243 salado road,,95249,Salem,Alberta,United States of America
dai4r39,dai,RAMON,,,24560 ketch upper,,48259,Tallahassee,OH,United States of America
Whie513,Whitaker,LOLITA,F,m,8481 KIRKWOOD SOUTH,,88001,Cleveland,Quebec,Canada
C0n4559,Connors,AUSTINE,,,11183 wilshire avenue,,V5d 1m7,Lansing,MD,Canada
Gat456w,Gater,Bernita,N,,8145 ESSINGTON NORTH,,94125,Salem,NV,United States of America
ire4564,Krenn,KENDRA,,m,9929 michaels west,,48312,Berkeley,MN,Canada
SKI47r8,SKIRDW,Qzxecnokzncy,b,,Ycqojibjivyanplvxvwctrvvkxmhjprlihddjkyuzjipwspwkjajlxvzkewrusnptmeyblcbb,SCNHUCZFAW,kmfhiotzok,Fullerton,WI,
UHP4910,UHPDANGXGMLMIU,Nlwbs,,M,ibqapvseszurvomthaeuksjlygntdmwnumtndmghiyfnyhgvdhoetchqayfrnabhqyazpdpglb,wxibohpyjkfoaecbtuhlzqynl,Xxjynujsphp,Seattle,MN,United States of America
sPY5522,CPYEXNKVOHYMETDWPSGJTFNG,COYKJSSI,,,clswwbztjvktlwnukdfrwdtizjpetunnaxhymyswrteydgqbapsqdhzwdkurdglfsohjtutvsytdlu,Yfhfmodacn,Ddsmrz,Eugene,MT,United States of America
jHX5582,MHXFYWOQNNWQCJMFGLIIMUOYFAM,DFZZUADICGTMLVFLDSBDWGHGAIN,v,,msxksukkztowcrsjmjatrqmihrnmskhoehyapbnzzvfupallyzcmbp,Wioywlaozsafkmkzkonsgnovzqpthpojfnbnolfzokflqmaogoaomcobricqqwcszuex,Dtwvqhsqtqhn,Lafayette,FL,United States of America
Gft5643,Gfgzakhwilmnxftydzwzgevumhoqq,Mgxvmmxstnjwcdmouqbfkludxcyvj,,M,fdqruftmgfhhpfphegvvxailqvlkovfdrl,Epzthdlrgony,OJIGFJRLBDD,Lansing,LA,United States of America
Hiu5838,Hiupjiwucslwtjgwnxcqr,SXXJK,i,F,Nsjllavlnhiekwugwfxcrnheirrfkagwbajzghssyivyfqiihxgf,,HPAVWPNISG,Manchester,NV,United States of America
T1J5889,TWJILPAITCFSIWFTVMPWVGGERJ,fdekeqrkdewozsgxywhmrk,,f,MZQZOGXPXGTSNVXAEQBPCOIQJYCQHXVPYRMWWDDXNAHLVRMPGCAQKKCKCGYK,ofrndqatzctjxbnlzsmuqnpujeregulpqkfwbmswzkzvmnhytymmstqwaalwlycrgpttvjxnnmby,Fxbvpbl,St. Louis,WV,Canada
Ycc6933,Yccqpjebgtexnnxph,eaynp,,F,Ipgxahsrnjybcdklqngvnwedjgvjvlusiwonuhtwwioeefxyrjcmml,Sxgznktzbvojtbmpblkfppknfxuvu,,Overland Park,OR,United States of America
kkxr985,kkxamohwoyailmbj,yewixmdus,,m,Pctwqwyqskapesqifwhkemizmbnlzyaitpuldboei,NQCLPDCDGVGBEFEFZBEECFNRWWMZCELT,Rklhgkdq,Berkeley,UT,United States of America
gsa6o74,gsaaltvdj,eulmsqpih,,,Bcibkjnspiabfarkmddxtoyjrdvbmpacmfcqtnhlsrsnimjvzfcanjppnxerfnwwqua,mgstlhiknulchprvfiviefuilxmjmpkyr,Hnspvzivk,St. Johns,CT,United States of America
rDJ6210,GDJJTPEUDXVYAQ,gapnqanjpfsizfdzkdboscutf,K,,Ibfjfwecvdvquryfxcidyfyidbaomdreg,alihjekbftrmihqpdzgpbhluvvowwhwikkevnsbsabfmnwivvuwxnudaxmuwioazxpfcgauceiu,Ccqbehzvmy,Hayward,DE,United States of America
2XY6233,WXYKDAVVEAYSPPGNQEDPSBCMF,Gdcdfwhe,,,YOMPYEXGALONPGTRETZGBXYJBMRAVNGWVEETEOBDUWOSBEGHKDSJQWPCLBQFLYRDDOPQO,Bzcpxgenlfgkxgdbxykezmwslhskrlxgwiabkeokrcbxfrqycieeipxevhoixkgtmcbmlsnqsnpwwh,SAWOEL,Irving,HI,United States of America
Lhr623u,Lhrlplmcaldfyhhufjeia,HESDVQAKNWJJMHDZQUSSZZSQ,,F,Mvonxmrtkfsantfgestyymrtdnhxevcdipepfawhrdziuvoptrzbkuxoslrvpycsgbao,Emfjpsfrtgopmvtscnxviatidmqhtvdqqutxqsaukgb,Urgeldbgrml,Arlington,IN,United States of America
emm6o82,emmvyphdtubgxxmexuuoa,RCEAGHCDNZDUXUQKXY,J,,Oxqizvjqsezdmoykmzjhujnnxtvdcezipdhbffagreawfhs,Ukuchnenxunlnjpconifvhbgtocincoxjmrqusiiwdzlzxyvhufvczj,Hknahaty,El Monte,WV,United States of America
Meg6921,Mefaiomizpyaqqzwclgfnzl,MSVHNKGXHUVVUHHDMSVXFMILU,,,Ipxvoocpluljigwapsfjpmesxxifkpnpgoxj,QFCCNMNGRUWBNQTENAG,igkhlrrqipoq,Baltimore,Ontario,United States of America
Xi36933,Xieiacjnqx,Ahtkxlecdjsttur,,,Yyzutezqzimkwafuqfontpwutwvwqotbtuqhhjgnjvhmclcosanqbdx,Owsgviragyjsgqtnwruahtirdtqatxcfapbfiw,mttil,Honolulu,SC,Canada
uzz7369,Hzzkczqwgjhwif,Qsrvvoggfpcpakyogfstpnvysmxmea,,f,BJXEEJIXKOWVOMTIHYTZONTSXLHBQIVZELZXOJXPESSNE,gkuqnzogklgbuudblknlhxyyjaqxpfwwoowepoeonynxzykwmwtxlrfmqstdjpdoipsinuk,Zcxqzn,Brownsville,RI,United States of America
njd6438,njdmplvncwvrjxekxiscdw,nwbtyzlhorfuvkhgwbzqivrgi,,m,Fbdgohwjhsmgvquepltsghwruqigfizchulgjrxcdkhqshtpjlt,Tqplusvioosqegfpjqkqjqxkqrzcozhwxdyhchoejakelezevgclabxlcnltaua,,Thousand Oaks,MS,United States of America
Tdc7537,Tdxyljuxporjhdumcvfmv,Hkfofpndygljbeo,,,,Unwsbeiwniraokeimaaqgucfssakgswxqsvaqwlmpkyjycdfefwrm,YKOVOTYB,Charlotte,AZ,United States of America
phr8190,phring,Wcqnq,,m,tqwrsdfjyapcjudrhnqwbdzbnunkf,Jauunanujgyypwfdsfiumpsgeqvngrqatpcbrkqwnusxot,RIOCI,Winnipeg,ME,United States of America
YEQ879u,YEQNFTNKEBKVCITDQVD,Feirdtuilxhux,M,m,Xkrwzlqeuiybhrnwjwhfivtpoequxqf,Bmdbzrvxmwtqqbubqhdcwjpscmdqejsjnxbmncivviassxozweqmtr,Bqngmpqyoqrl,Mount Pearl,NJ,United States of America
WTB8950,WTBGDOOKGJHACGPYGDP,Eozeayfqszhdnccluivoc,J,F,Fcxvfzpwlmfpoacms,Jezzupl,Nzzbmzajwk,Salt Lake City,Alberta,United States of America
Gx08947,Gxoyjotyjuvpb,RLKYNMTLCJTEAUR,,,Nqxgfraounagyvdebmsybpefaetnrpqmtmndiqksgacvmxmacvmdtlmndvnk,txhcjcmtvfxhhoygcckpmlxpkadufkjxeibslgudhzgblurjqrqavjghczs,KEQLKJUT,Greensboro,AR,United States of America
GCs9056,GCZDDEXMLCVOVJFGANDGIC,Hlcpsrsrfuj,h,,Lrworylpvgsoumvsmdauxeflatxdjzvseeghjtrbnkqmcagljh,Ekxhegmiuqpnjtdrheimkgasuncwinbcwf,BKBVLPJI,Nashua,MD,
QM39207,QMRKVW,Hwikiasiunleribe,T,,Lwurmahnzytlddungywasfjvswcqwodnezjbpzgktzcbmt,Xamoxktrwbnngemfubfrwmgbxqdcidjdfjiljxiwmvnypow,ngwnhrzbm,Bridgeport,MA,United States of America
smm9471,shmux,Qbvltihnnmdbuqsu,,M,hlwrmniqomhffksgsaimapviuvphmobcxbnjtzfajlymxrsxmbqjuwrnflknaemfgakagcxh,EPCSYSOPZXTAHMKAASXQKHUUHHWQWHKCGGQMTOWWUDNOWHMYASOLT,Qajvkl,Burlington,CA,United States of America
Dqw966u,Dqwdkkbrbmhriaoseyofjwizj,Skdatqeay,,,OSQTIJOMCMPBEEHJZNDSMLUQADPYJQOSVTOZEFTGILUDIQXZA,Cmtfjhxazegmmbvtubsqtdpqhlcwiqriwedknfkylhrdmwqccjvlrfjgzrtaxqsdfjkpkbd,Qcdyewmngkxa,Memphis,Alberta,United States of America
nVB9686,BVBNXVKY,Zqaqqhfmex,,,CBCWBFHKXPUAACGMFABK,kjyohttautindomqpzboscfugxtwa,Ukbhyktiegtx,Naperville,AR,Canada
Gfz9875,Gezpnywjipqekgyjwywsny,MTVROYES,,,Huumfhewrwfvlxglorxrtrae,FHSSPBEAMOZMYZXKFGAWHVAHBUNJKCVBRROOUGGQESRUXSTXPVGJHOQIIRZHSRQCRK,xneikr,Sacramento,GA,United States of America
Rss9993,Rssxdvqjuwloiadoyon,Nvxywjxxptxv,u,,OYZKRWEQKMKPLKX,Kwmhgrueplwtswggppwcijknrsviujrjqmodgpzlhffcbxgjnklcipvxywtnnhcymkaa,jnuadqdor,Salem,NM,United States of America
ofi10146,otisjxymjpvyofbcuewbtqdeaqi,Qtdumjboqkedszlexranse,x,,Gzrsngiqrlgkk,ZWNWATUTVLHVUSQGJXTIERFESLOVAKGWCZDSRLSZXXLNTKKNAJOTDOWZBQMIFZ,aihxzmukxuck,Stamford,GA,United States of America
Jseq0312,Jsevxpsak,SKVZCUNMKQWTNMZQPAIKW,,m,LSWBYXAGWEBB,Iqifigghurncuwvuvagsuetdhkreifgzakdsqmgqwhoxbca,XCGWBGUUZOZD,Minneapolis,AR,United States of America
sjj10428,xjjvcmrsdanruwimkzh,ipdivmbwhkvdcsvjukbigmyfkfckoe,,,PNJMEAXNEPTFKUAJPZYJEXRCJ,ayzufdkwhdfugknngbknbofapfhrslxguxquutnjvacsgpidabltzkgbhsooilcvuhvsuhwlrcqhvhb,Vgwuef,Jacksonville,SD,Canada
dbm1o489,dbmgrkxfqawypsfjfuvkehypb,CFGNGBMDASKUJVXQP,A,,Rovyrdhrslxslassjxxijzavayoqflqqfuuxoqipxkvaeihutmhxqhoshehwflyeejnwmrvqhfpefqfy,Dmvvvkahdeptwdksnoxlxnczuyduuwxelmcqfe,Qdtzptupft,Fullerton,WI,
igq10660,Jgqyjatlx,MGGAXCQBOKL,u,f,Gadabxiymyvkeebwjnlqcjjwvejotfpeikbxfmpjnlelpqiytularznwkhyqije,IKCWGQAYORHMKJTETCBEKBOAN,ldpmqgtg,Paterson,WY,Canada
jkj10847,hkjhrnevmbfd,Jmfmuynmblfotbwhx,j,,qtdgpshhufcgjbxvvtmlkjcqrdsfqinukouogujntfvfkggvtkuqlqobsejrzuwdo,Xkaufgligad,ahstukmzpjed,Norfolk,NE,United States of America
INO20994,INOBKKQUWOEBH,Nyaqns,,,ipofizkrojuhuxikswemcpqdz,Ensagkucbfsewevwnjloyjsauwoggetcdacwqdwwefxicaeiddpsdpvb,Hgjnxamvejxw,Oxnard,Prince Edward Island,United States of America
mcu11101,mcykjafmdipsnhvmgihuhpmundpmj,qkarligpsqn,e,,ZKVJZNTXKCZQUJNSGDIJIKUUKFPKCTHBH,PEKCKXAZEPLNTQBGWDXTQZOTVLEXYPMMRKMOKMMMULLDBMTVIPXRZJVMFZLFZ,Ihzfpkfsojcu,Chula Vista,NJ,
Gxc11451,Gxcfvwonbtzgdqrro,Zvcrjrwumkwpnwfhln,f,R,Fxrjpfgqhtnlwyjpusiommtglqdxhxomfjofgyolshmtsrfxtpzeoksnlkqdicoezelqqksealj,,GMCZAIC,Garland,SC,Canada
fjc11504,fjshrigbpcgxspbctlfceydha,Ocrjqbxcrzrhhmrotdrtgjzxcn,,,Lbxijbxtcwrdzkonxerjmvsnmcndorhyjojrbr,Qwasqnlgnjunwghmoywngppnavchzdvsqbngsjqhrrrtlytzeqdfovhmo,GNEMMHDHAAF,Great Falls,HI,United States of America
Fxr11556,Fxrvwebfanekd,Igjbgcrohfjykr,,,Kuzofyrosjtkgduwxkikiwyvolwcgshcitzugdsfmmkjusino,fvxmytpaudkexkhjdhitqyeaqjlwrcvlykujpdwcafcjewjdl,dfhyhxh,Seattle,VT,United States of America
bl811746,bloqtqwcqlixlljeizvno,Hujensnbrrsorvigkwugamev,,,Xwtqglblvvdsmznaarpduevcnigfhmdngwtpgufddoqztkebippohk,ufgmvmhczcpbliqyedcsiesuplgvpxtwectntiqxrwbtgcdsioqulopfxuiqpjkuwpmjhtwqb,NFDLLYQCMNVX,Fullerton,MN,United States of America
ifq11960,ifqjdwiaiak,Iqvewcs,,F,Zhabyatagiltypqfmtssscovigsofwnjnejvndnzqivuvbpiwaxnayopcdzqixhvvxegz,lvcbocrxwslagtntjrnu,Itecivsq,Tucson,Prince Edward Island,United States of America
VIf12081,VIVKBVWII,Qvicswzeiqtzqmlnbscjiygrjezqwy,,m,IMMPAQ,Hgyloizsgonuonxlnlldeibuposkhjrtjvasmxhfowcbexobg,uixreodgdjuj,Little Rock,NE,
Jzk12150,Jakckjdqlssxoxwlq,misjd,C,,Jfwogktgwqajtbxclawp,QWFYPVEXIAPXBDGTXAROGSSCVSYOTJRZTGYGRSFKQGCBFUXX,Drtovw,Wichita,NJ,United States of America
ifd12174,ifdhtgxwoqzgkxfol,Ppehjjvhqjnw,l,,Hiqolqluiojobsqaroekwhexlcsaikjen,Yuptngmeracfowbohkliclnznwnhzilwsmcqbqsxh,Ynsybjq,Oklahoma City,Saskatchewan,United States of America
Ge912447,Geoejmiduhbguoqedstbhmobhats,Wwvslueanbtgzplsikqwuilipaitp,V,f,Xpttptxrsepgoidbbdsnovodmqsgfbauprjrrujxiytssnrqlaniiubnihynbdoewqvqwmvjgqrwflpy,Kitabcelnhpavuxvsawgfoldw,nmskxkrfx,Dayton,Ontario,United States of America
jnr1e524,jnruituyoqbpnwztmmaaol,LWSCBC,,F,kgtanwgpuphxibewofnaxnsxxaoizhjkkreupjchkdqupvocbxektobiz,Qkeqguhiwwxorruewtindo,nayasqmlwh,Denver,OH,United States of America
Ssb126u0,Ssbipyhunvhwxrzxius,JMOZWDTQXXMCOE,B,,XUDWEOOSWVBAMLOVCUR,Jibvfamtybgwiatzlpfwbvhrdajvcoqthfcuwnqrmecpzhhthp,Yfvrfh,Hayward,ID,United States of America
W0V13218,WPVFPQBCQEPOPFZ,Qrwvog,M,m,xvmyenuhkwodiasuxgsxhgvnclmvuyiyvfvegvtxcsvuqcaaujlsjhnr,lmrkgxnmyqrxxybfwzavagtsafidxftanxyuwxismshaxuokhtyg,Yptcomjeu,Allentown,Alberta,United States of America
Hwc1w239,Hwctvq,Lcsquwnwwgzomqs,I,,Ohxaxaeybmikhrox,Bvcwxzzwt,nuzjxsbm,Fullerton,OH,United States of America
vJJ13277,FJJESBSIEQT,Tjbbkbjmlptxizyzqpimqcqadjwn,X,,LURSEVMDXREGMVCBAPNTNVCOSDTJOHCDJXVBZJZ,Ounbuuw,qnhkhbnconz,Anchorage,VA,Canada
Gjt12604,Gjtbzpgsmgbd,Jbdjqzbpwxganavqurvaomgf,u,F,Biebodupglsxjxwsegvxsfhjiuu,ROTAHDCCSCUWOTSVXTVPARXZKOMVVOMUBQS,Rbexc,Bridgeport,VT,United States of America
Udd13682,Udvndnvmbccyvdmnwbijwmniuw,skynflbasvqcqtgmiaqnqdwnxftbz,,f,Kazzqivbzwndohczgedjkmesnlgriifgooimhgrdqz,,Xphbrvlx,Whitehorse,Newfoundland,United States of America
Qfj1390e,Qfjjhqicfmbqplmjbrfuvxjnqvpnj,Mwosxwsgefitizn,f,m,JKLDTDUYWIXQAVWNHLXOFFCFYJJFTEFHBVWJXHXYIK,WPYKPDHGLPYTDXXFEHMBDNFGKHRDSXGBWKOGKIQMJLXFEWGGKQZROWN,JXGEIW,St. Louis,NC,United States of America
GUB1403o,GUBGVOOFSQDCVF,Numeihpwex,,,Kdmxatiwedgitjxmejsrslgoda,Mfsquwplgtboihzvqildnxdrfokbwigvygjlwqnc,zydkcnmmr,Pomona,Prince Edward Island,United States of America
hMM14135,BMMYBJWDWBXWYZGFJJWUENF,Vcmeaglvsoqhlosu,,,vrclvglwpvyhddchebsnxniozrtrdlvcvvbtwqlk,SBSRJGCOKGGRRHGR,MRKDWYJD,Inglewood,NC,Canada
zvv142q3,zvvfkqvqwqnvowcwunjbtgdbz,Fwoinzhgazorqcunfvfilhs,Q,f,Ctkxjkvgvqgepyybklwrwylbesuumikyomnzswsfrbnqqeruwddsmkd,Pxamrvixhcviyherozgulgnrojsvsligwxmghhvkvmrhezrknhmjfknittlqheibwskrukqdsat,Twfobm,Carrollton,WI,United States of America
f4r14259,feraqkhqxsuquklmt,Tsdlnfpdveop,,M,Hvxlrcnhrsmacsuxeqpiufsoovcbgfdmujkvqqjrdescylzrka,rgfcfagm,Mpjguuv,Escondido,AR,United States of America
Mcg1452t,Mcgfanbig,Bmghqapqhrmravigrps,,,TGRYLOSJQBHVKVUBDYEBVSFLUWDDTEG,Eyfmqaiotgnhcixfqvepoxpebiiquumsnsyjqsybrunftp,FBFSELDT,Charleston,FL,United States of America
txk14635,txmsmyckoh,XWSQWKJGQYSBK,w,,Ytcpdeswtbmqmglfwsjmwhcgvzavqwxqjuefeamwfwwrjbmpwf,Qttexg,KOZBOG,Phoenix,TX,United States of America
