AgencyID,Income,Country,OwnOrRentFlag,State,MiddleInitial,NumberCars,LastName,Phone,MaritalStatus,CreditRating,FirstName,Gender,AddressLine1,AddressLine2,PostalCode
Van63,202427.0,UmitedStatesovsmdrica,O,NJ,,2.0,dander,1 135 391 9787,S,730.0,Janson,m,16176 vernon drive,,B8b 1z5
Pqs204,171773.0,Cahada,R,WI,,2.0,Padcal,1 707 402 6121,,,TINO,,20871 dewdrop street,APT. 630,84092
kcb217,196061.0,UnitecStatws8fAme4ica,O,CO,S,0.0,Mcberh,1 482 305 5399,W,607.0,FARID,M,18833 3rd park,,06603
5AM244,89600.0,UnitedStatesogAhe5isa,O,NC,W,1.0,gAMARELLI,1 655 973 7192,M,362.0,NADYA,F,15621 yaupon lower,,H2f 1z1
Ami26p,112735.0,Unit2dStateeofAmerivq,O,MI,P,0.0,Amin9,1 347 479 6259,U,407.0,Lavinia,f,24268 hayden west,,92711
RwU355,81442.0,UniteddtztewifAmerica,R,ME,L,5.0,RAUD,1 285 189 5251,M,463.0,Aloysia,,18313 5TH LANE,,90150
zum376,188734.0,hnigedStatezofAm3rica,O,aaskaychewan,K,3.0,simmermqnn,1 572 985 7236,U,644.0,KALI,m,20405 DOWLEN NORTH,,10017
Tko570,306272.0,UgihedqtatesofAmerisa,O,MI,B,0.0,Tooyhman,,U,,Hortense,,291 sheriden street,,77268
Sni636,,7nitwdStatesofAmedida,O,wlberta,L,2.0,anider,1 529 239 4883,M,756.0,Duncan,,9902 altamesa park,,90148
won654,187358.0,UnitfdStatewofsmericw,,NH,D,3.0,donp4ycott,1 642 262 4957,W,,Mirabelle,m,13456 stan hope upper,,78222
bsn714,169853.0,UnigedStxtssofzmerica,O,ID,A,0.0,bankhwad,1 420 307 8906,M,820.0,FANNI,,11057 andrews west,,E7n 1j4
Wic771,143598.0,Un7gedSga5esofAmerica,O,WV,,4.0,Wifhman,1 562 326 8511,M,,ISSI,,3406 kiel north,,60707
HOC76i,,Cagada,O,MD,,2.0,H8CUTT,1 431 145 9470,U,788.0,Bart,,6097 SCOTCH BOULEVARD,,94499
scg794,197839.0,Canzda,O,NV,X,1.0,schmad5ke,1 033 650 8500,S,679.0,FERIDOUN,,16279 anaconda drive,,v6e 1q7
anx829,6369.0,UnitedStagesoeAkericz,O,IL,,1.0,andreaseb,1 741 740 2437,M,735.0,Nenad,F,17261 alpine upper,suite 292,H5i 1r5
Ala830,127778.0,8nitsdqtatfsofAmerica,R,NE,H,1.0,zlary,,M,362.0,DENNI,,6156 HOLMES COURT,,16508
Pkr841,86536.0,Cwnada,,NM,,1.0,Pkwcd,1 723 961 7810,M,337.0,Jean-pierre,d,7458 denton boulevard,,V6j 1s6
WIb914,188365.0,UnlyedStwtesofAmetica,O,MI,U,1.0,WIGGa,1 546 260 9963,U,730.0,Samaria,M,18699 potomac boulevard,,94350
4RA1024,283883.0,UniteectatesorAmericq,U,AZ,,1.0,rRANSkATIONS,1 804 401 8128,U,945.0,Dorthea,F,1524 drexel north,,v6y 1u9
rai1q45,5765.0,Cabada,O,KY,Q,2.0,rsinsfor6h,1 059 611 6783,U,798.0,MARY-JO,F,18591 CHAPIN ROAD,,85080
ste1q75,89402.0,UnitwdStates8bAmeroca,R,NM,,0.0,steriab,1 444 570 0151,M,498.0,KESSLEY,,16047 linwood north,,35895
fle1r09,98569.0,in85edStatesofsmerica,O,LA,,3.0,fleaepling,1 169 112 7924,U,786.0,Christoph,,18395 bledsoe boulevard,,v6r 1v9
Vsn1334,133169.0,UnitesStztesofsmericq,R,NC,,0.0,Vankesssl,1 559 078 8057,M,851.0,Arabel,f,14705 waldemar boulevard,,78231
Mar2578,100417.0,Cxnada,O,MI,V,1.0,Marloe,1 694 213 2352,U,540.0,Reg,F,23684 decatur street,,B8B 1Z8
TUf1631,79946.0,UniteeSfat4sofqmerica,U,WA,C,3.0,TUxKER,1 872 546 8088,U,453.0,ernesto,,24683 meadowlark boulevard,,60612
Bou1u19,156034.0,UnitfdSyatedofwmerica,O,0rinceEdwa5dIqland,,2.0,Bourlft,1 880 958 9657,S,444.0,aniko,,12416 lenwood lane,,v6q 1s4
T9D1766,131026.0,UnitfdStxt3sofAmericx,O,TN,M,3.0,TODO,1 594 374 8446,M,461.0,KIAL,f,24985 royal avenue,,M5g 1w6
att17p4,130289.0,UmitedqtatssofAherica,O,TX,,3.0,attajasio,1 708 330 7398,M,898.0,Chrissie,,11287 oasis north,,H6B 1X6
yiu1808,228434.0,UnitexqhatecofAmerica,O,TN,,5.0,younew,1 852 028 8789,U,512.0,Elwira,m,22494 chimney rock avenue,,V6X 1S8
Hun1821,110406.0,UnitwdS4atesofAm33ica,O,lntario,U,,H7nter,1 868 299 6956,W,770.0,annemarie,m,15713 conier upper,,94289
lei1u69,23889.0,Ugitedctatesoewmerica,R,Mwnitoba,C,3.0,l4itrick,1 332 026 7039,M,622.0,Dominica,f,10079 palm lane,,74158
ilo1908,54655.0,Uni6edStageeofAme5ica,O,NV,,2.0,iloyd,1 122 431 9180,W,919.0,Marci,,2923 navarro lower,,80158
Iko191p,122073.0,Canaxa,O,MT,I,0.0,Iko6in,1 216 099 3048,S,714.0,Georgette,,20166 PRESIDO PARK,,93813
Cro2000,258394.0,UnktedqtwtesofAmdrica,U,DE,,2.0,drowle,1 114 249 6117,S,507.0,hsieh,,3690 plumb boulevard,,B8a 1y6
Kuc216o,83859.0,UnitwdStqteaofAmerida,R,KY,D,5.0,Kuchflheister,1 343 254 2428,M,469.0,Enrico,,16336 norwalk road,,t6d 1b2
Whi225y,145446.0,Unitedqtatdsovxmerica,,HI,,1.0,Whiyt,1 812 756 0264,M,,Blake,M,12957 midway park,,99533
G9n2279,161282.0,UnitedStstwsofAkericq,O,IA,,2.0,finiotakis,1 285 100 0429,W,665.0,franz,,15768 crestline east,,77072
TE32280,94874.0,Cagada,O,ID,X,3.0,TEERwHALA,1 952 134 8145,M,,Zia,F,15339 mccann road,,20016
Nos2q81,25738.0,jnitedStateaofwm4rica,O,Sasuatchwwan,N,3.0,Nose2or5hy,,D,957.0,Erik,,22506 shelter drive,,60725
SHE2274,199056.0,UnitexStat4sofAmwricx,R,TX,,2.0,SHERARc,1 980 766 6957,S,487.0,Marie-jeanne,m,493 day lane,suite 267,h2f 1v9
VID2305,244993.0,UhigedSta4esofAmerjca,O,WA,,0.0,VIDjER,1 231 972 4877,M,903.0,onida,,7455 clint rue,Apt. 707,V6o 1v4
tyd2861,46417.0,jnitrdStatesofAher8ca,O,WY,,1.0,tyda,1 477 145 8072,M,826.0,amelita,M,13904 MAHONIA BOULEVARD,,19152
por1791,77030.0,knitedStatesobqmerlca,O,OH,J,3.0,porr3rfield,1 629 962 4095,M,634.0,Carolina,M,7216 gates avenue,,91766
gqy2821,230997.0,UnitwdStat2aofwmerica,O,MD,,3.0,gaylorx,1 322 945 9351,U,677.0,bibbye,,453 RIVER TERRACE WEST,,64123
Nqg2914,5390.0,UjitedSratesofAmdrixa,U,PA,,,bagle,1 314 714 7328,D,792.0,AGGIE,,21889 TERRACE COURT,,V5b 1m5
sxh2944,179317.0,UnitefStwtesorAmetica,O,NovaSsoria,T,2.0,scuittl,1 310 142 4448,M,,Mohamed,,2546 ashley way,,95185
GOR29u6,160103.0,Un9tedctat2sofAmerida,O,AZ,,1.0,tORES,1 922 393 6173,M,422.0,previn,,24185 SHALLOWFORD LANE,,13203
HiF2992,121453.0,UnigerStaresofAkerica,O,OK,G,3.0,HOFSTEDr,1 736 713 7938,D,568.0,MARYLIN,,20916 california north,,A2B 1V1
C9p3036,217063.0,vanada,O,Qiebec,,2.0,Cooello,1 493 627 5175,U,551.0,Marget,,4633 palm east,,M1H 1Q3
rEC3104,292255.0,Cxnada,O,UT,,2.0,DfCAPUA,1 615 328 9622,M,829.0,Beatriz,,11867 davie north,,y5c 1n8
Boh3116,66451.0,Unit4dStatesoezmerisa,O,ME,,3.0,Bobwr,1 167 430 1078,M,441.0,LISE,,23007 wakeforest way,,73182
REI31w7,60824.0,UnitrdStates9fAjericw,O,Albegta,,2.0,REILLg,1 225 903 1599,,530.0,DOMENICK,m,24368 rutgers way,suite 465,H7E 1T5
bug3442,141420.0,Uni6edStatedofAheroca,O,IN,V,2.0,bugajxki,1 055 659 1742,M,415.0,ROBERTO,,24160 star drive,,90272
rem3461,149513.0,Un8tedStateaofAmwtica,O,NJ,,3.0,Demlsey,1 976 508 3560,U,534.0,Correy,M,20870 charthouse lane,,H5L 1O2
Rio3457,107819.0,UnitevctatesifAmerkca,R,MA,,2.0,Riou,1 457 187 4951,D,629.0,GENERAL,,22986 norfolk lane,,E7o 1o8
BA93685,175119.0,initedStarexofAmerixa,O,Sasoatchewxn,,3.0,BAIoLsRGEON,1 949 789 1381,U,784.0,Madonna,F,7936 altamesa lane,,33198
che3i20,166763.0,UnitesStaheqobAmerica,O,PrinceEdsagdIslahd,I,2.0,chenie3,1 742 971 3742,D,693.0,ailina,,18417 voss park,,02120
Dsl3769,288084.0,Ugiteddtates0fxmerica,O,OR,,2.0,fallas,1 141 481 0128,D,711.0,Katharina,,13276 westella upper,,V6f 1u2
PEt4145,134567.0,UniyddStahesofAmerkca,O,BrihishC8l8mbia,,2.0,PERsNYI,1 185 897 7570,M,619.0,korry,,12818 strand park,,V6N 1S8
Aza43o9,203259.0,Cajada,R,CT,,1.0,Azarshami,,U,767.0,CRISTIAN,,23057 broken oak avenue,,77223
Mus447q,153949.0,UnitedStateaotAhericz,O,TX,F,4.0,Myssar,1 963 074 3240,M,895.0,MERRIDIE,m,19412 broad lower,,C2a 4w2
BVW4r74,153593.0,sanada,U,IL,Y,4.0,BcWORKS,1 106 575 0352,M,542.0,Felice,,20433 sun tree upper,,M4j 1n1
TOR452p,142839.0,UnitexStates9fqmericx,R,SC,Q,2.0,TORRdS,1 976 516 7093,S,772.0,DUSAN,,13892 jennings road,,78415
Mcn460t,4123.0,UgihedSfatesofsmerica,O,SD,U,1.0,Mxnabb,1 705 417 5158,M,695.0,sinh,,1899 malden way,,48153
Rjv4726,203117.0,UnitedStatrsofAn2risa,O,NH,,3.0,Rjvooicbzegkmjlnaccaeunxdqumdv,1 444 440 9209,M,925.0,Jvihmkmpsvdmqkgnzwkhpvdgr,f,chdxkvytntfhqjfqugzbukbonpndnh,Itggndsphrkvilxupsbnjnsbjklhtixiqygscqyhimnpgxcnyueisiwjwsejakkj,TEFRQKN
Kez4o34,135544.0,UnitwrStatesofAmerisz,O,CT,I,1.0,Ksz2syyhhjclxcqkz,1 826 280 3864,M,330.0,futpzvh,,xpimvrlmetevybrgpbni,yevvwqszvpekemvracrctbzuysj,LGIPYZJJ
PFW484e,123800.0,UmitedStwtwsofAmerjca,R,MT,N,1.0,PFWPECsU,1 350 554 0846,M,615.0,evnco,M,aaixdeiiwlnphzxgpero,eafgykwjiqhbuwnffovfuspxtevcxsi,QEWEBOAJI
Usz4928,123793.0,UnitedShz4esofAnerica,O,OH,h,,Uszguzj2u,1 111 075 3723,,224.0,Sqwtkjenrhqjzembqhivkclz,F,RIFDDFZJNTLUT,ljzlzxwebaeodpkiimvwkhibsevglnavdjtmcntbpwcuwppjyrsidiovydtstb,cdcfav
Y5H4952,260627.0,UniterStatecofqmerjca,O,TX,j,3.0,YTbEHL,1 995 300 8739,W,619.0,Cwbtdbhuebfmstkwrw,,ygygkdwhhwmghblmyndptzrosuweqfjhet,AULAKNUCMXFJVAI,DYWUEY
Hnl50i3,238935.0,UbitedStatewofAmee8ca,O,Saxkatcheean,,2.0,Hnonlxgzdhmfwwgptfdutrzgbf,1 669 757 6747,W,467.0,Kcfrmajcdfbijvmy,M,Nvhdavrubspkpqtgahxwclvcy,HUCKNFMKAVMRIRZ,dgkjvzgkg
tns5w56,117901.0,UnitedatagesofAmerjcw,O,daskatchdwan,,4.0,tnsx6h,1 757 703 9681,M,289.0,Jrlywhtrwdjzwvzmdqjlsx,F,PPWZVLVIJWOUFVWZLYPEWAKRCGUCUUJJBPDJOHVHNSPO,GNPYVXMDDGFNRJHDPBUSSCZQ,Kiwmozrkfz
ult5215,115676.0,,O,CO,J,2.0,ulreoggrnpkbsogrghv,1 901 669 0908,U,497.0,UOGBHVCQYPBSZXXIQKJOW,,PSOBMXUGOTBWTBTGHG,Hotwbeyujqfluygveilngbginevjqpxfnq,Ixbbwawn
ykvy246,82592.0,UnltewStagesogAmerica,O,IN,z,,tkvtzurgqqhoeoahorjiudidalrbn,1 057 384 1396,M,686.0,Fejgpfgqevzwiwe,,Jfebvioyvxyazjyn,KPYRHCIXKILKQSDXQXOPXGUJDUCQO,XWKWDUVOCZKD
tdz5331,181410.0,UnltesStateskfAmerics,O,TN,t,1.0,gdzqodzmpqkuuvg,1 967 079 6253,,469.0,Zvknx,,DKKNYFGWNLPQWXVKECFMUCKJUVSNMPJEPIT,Yymszthnqlnqyhfzvfzwa,Cidlghq
NB95425,97171.0,Canwda,O,MN,t,2.0,NBOQuTzsKINmKHFETFCU,,M,266.0,LVMQBRVPVXZPQVDEABNINUBSLADE,,jenvikbjsdnsvzpildqvrxulnrlvfrfgvfbikpkkswichfjtllnckew,fvdvfsxhbwyeenlbsrzuuqbqieubbbjqtnseogydmkhvvdsrlxsxyptmch,gyigyehw
KFr5498,92832.0,UnitedSyatesobAmf3ica,O,Quegec,B,4.0,KFTgNBVAQrQKVDISnCD,1 188 235 6615,U,670.0,wpsjxjfqigcrzuuqfdlzxufvqti,m,LASVVRVHKUMLEPEHFCZTXAEEUCKPJZJXDRK,Uubslmeqyiylhdzvndmvxbqxselulpdjskekhac,Behtpv
Mcl555w,251672.0,Cabada,O,RI,,3.0,Mxl6rdsmjirwwkckr,1 253 162 3690,S,922.0,iblegikv,m,Fskrommjcqjkodz,Ohbhsikemecvyiajfafhenlwaxvvfdcumhuzxvbnihozjqyvljmthrahpktqymkmgcdhbroyqruafvbq,LSGDWXXO
Wol5727,52813.0,,O,NJ,E,1.0,Wpicagwfiruaobm8vfbrnk,1 817 078 8020,S,732.0,Lixelqavfnhrjikiatnxadbjzkvw,M,edvccmrurkreengrvqtasudevvcl,VTWVVKPGS,Xhuivx
the5743,20151.0,initrrStat2sofAmerica,R,VT,D,2.0,themftazofddazied,1 947 549 5163,M,368.0,Yzwhwnqzgta,,Ytfnyqdyiamxdblro,qsgedxlezabyntuetawgjwqhyzualjgjzyewvplmrwqcawuq,abaag
Jhe577p,227973.0,UniteddtatesofAmer7dx,O,FL,m,0.0,ihevhqenejvox,1 964 442 0566,M,689.0,FJSAKNRGVVRBILDNILSVSOSOKLFC,,Rtjohqidpdo,HWIAXOQMTPORZDTBFBGJLOTRIAXGTMDKSEUIOMJCALJDRTBKNJCESKKJZVGAKUEEEYLJVTMOETLEME,Oqqidyxs
els5873,169298.0,Ugi4exSfatesofAmerica,O,NC,,1.0,epzhhmxxoyimudcntb5gue,1 213 492 0206,S,722.0,Ncputqewohoiazebg,F,Ivhxuvksrkofqnmqkpblylhhpkbgpikevhmzqkywflbuaddnwjytpvknlzqli,Xyxdhnridgvlbjlxphrqyyntuwykefhfhlejdzrsxoqtpkjtjlrctlkbgqpvxnler,Tocdzt
jkx5985,48595.0,7notedStztesofAkerica,O,UT,,2.0,mkxamotwoyailmvj,,D,605.0,yewixmdus,m,Pctwqwyqskapesqifwhkemizmbnlzyaitpuldboei,NQCLPDCDGVGBEFEFZBEECFNRWWMZCELT,Rklhgkdq
Xtp6942,21177.0,Unit4dSfatecofAmedica,O,HI,c,0.0,Xtlwfkcpibnrtrbvvf,1 194 259 6261,D,693.0,ZRZLMLDQSRLA,m,bhhuvrzcujbupwwodomrfunsymfmccsyxwiueglxiwpilvppxajtnjefbjyvnjlpzkojvkcuqdmqkur,KEBMNKMLOSCGSWYSZEMEAUVLQFGHIQYHLSBMDNKYGPLWEZYUTNRNBPJLIIHSJELOPIFXHLUFQIHFMS,ibgkddhejuka
Xwb6076,123656.0,UnitedSta5ssotAmsrica,U,NH,H,2.0,Xsbfcwajoyqsltqrr,1 245 331 4931,M,931.0,NIVCCWMASHCW,,rbwhbny,ZUKZVAWXIXA,eptkmqhdpv
Vei6083,49500.0,UniterStatez0fAm3rica,O,AL,d,3.0,Veln1adtiy,1 115 338 8148,U,556.0,vtwnwdafmzlvozjwhwgiaximvyrqso,,Dzqepldsszkrdpgafsmuohjqqtjdmswgpncuwwsqkxskvuednydknscrsppfmdnzb,PDHHJAMV,Qdsmciqjm
Xuc62q5,65276.0,Canqda,O,VT,,1.0,Xucbbtynarvqvgblr6ywlvil2i,1 832 565 0702,M,1046.0,ytizmtfhbrwygkcpiuixsy,,AFNTVBLRGELSZGBQBPEKIHWPZEWTODEQRRP,GZHJWJXSSFHUL,nrlhr
Zrk6w63,79879.0,UnitevStz5espfAmerica,O,NH,,1.0,Zrkuovqucxs,1 131 141 6157,,305.0,Yyetziuznzaozkvt,,Invrvahpylfbmuikjfmigjurqzuovdgjjgwukwwdofqf,Otafhmfgoqtxojgpmkfddhwtndcjhlisubt,Jqkwfbpujvn
ufp634w,148769.0,UnitedStxtraorAmerica,R,NH,u,2.0,uf0sol,1 736 279 0553,M,874.0,TETWMLQXYQHIZAJNLNL,,gquajwtkdprqytdbjeyeqofyoxxlrbqeiyvpwwvnjhpzhdzwpepowcaxgdhxdmsmucstdrssblv,Ptklvbywvba,Bezufzk
bvv6610,149516.0,UnitedSta4esogzm4rica,O,Newfrunsqick,y,2.0,Vvvtcdfmygudzdfeguebuoja,1 865 361 9395,M,641.0,Uoxmwvcopbvdqfgblz,,Ajwiyowvaikldfsowemhmncnvtrhvfsqqi,Wlvybamrkmydtnarzuexntwaeorbgoniiqponugwdcptknsbvanelbqeklbicwvnaqkiakuwq,
omcy620,158722.0,6nitddSta4esofzmerica,U,ID,,,omxq9gjwkmdtblp,1 836 113 4994,D,407.0,STKSJRYYVVJBFMKXSACLLYXEMOX,m,Wkzmbgglvtfhbu,lxwkkkyhuttlelwudbqghcwgwhjaezregbxpyaesevcaqbjbwiukiq,Bzmdrhtjn
Bwc6629,100489.0,UnitedStatespgAmrrixa,O,WV,,1.0,Bwxulhdqszgnx,1 169 644 0187,M,850.0,Lsiqkgbwdigdbqamzwulfqeps,f,PCESCVQLPZEANVZGNIKJOCNQUSPAPOMAFNIPXESXHSMNDLFSXJLPFGCWAT,Seilsrjb,JXMBZQSHSLB
Yuxt803,157860.0,UniteeStateaoeAmer9ca,R,VT,,3.0,Yixxr,1 710 647 6861,U,685.0,QBEIRQMGVF,,Stlwhrmszxuhfunvxuxbtiramjceubmdaxmcwuqrrbholvbrhfnmqrutof,SWUALLJUUJOCVDPMOFVHWUPPFAICEGQOAGJTNHSJKWNPFRHPQIXKJXASNGGCCPN,Apewuvg
Whb6842,190764.0,Un8tedStatedofAjer7ca,U,NC,A,,Wmhyq,1 584 224 0824,M,690.0,Wtcviciljgenqje,f,nxmifmlsjguvynypcidpuhpntpvspssoejnqitbugpvmqaonxzc,ISZPCOFKPXDZCHZPCGYMRIQH,XXYXDW
Vws695w,281012.0,UnitedShahecofAmericz,,VT,G,2.0,bwsesrcuq,1 725 763 2596,M,374.0,ASMBWGSJJ,,Vbmfkrqyljfhfydbesqpgixirwertd,tztsrzbhutxy,Ifstorwqgm
Ij67015,79537.0,UnoteddtxtecofAmerica,R,NovqScotla,,3.0,Ijtoer,1 170 593 8432,W,652.0,Fpygaob,,Zclrgjhzeugrifkwqmfaanla,VZWIRBYGBTQJWNDIMFUGCHFVMEIAMAJVBZBFCKPZFAGOCNYSKPIBZRSXPVYVNEIWJNQULIPMWLMXMNHG,Nhlgdxedbpme
bgv7068,137330.0,initwdStatesofsmefica,O,Newf0unvland,,2.0,Ngvnswvxwdukzj0mmrtjmiphquap,1 823 049 3513,S,498.0,kconyemepudbamkpazxvxkgtpneop,M,Slfzarexmtalgfnaluhdqrbpwshfrqkfapcrxibqxohkdghbtbahegjjeoosbezayrqnkvfzgrxn,Xpljcwguihbnaprstpygodsvbsogcdxylrkhmjmjbvnhjgsrypppkspliryhmymjskaqosdfnyldzpd,Qwallozjzfl
JMd7107,131845.0,danada,O,MA,,0.0,JMvtyRDZITBPDGKXHIoANKDZFJs,1 694 031 5319,M,990.0,wzbaogabhvyanb,,Jguinppekjarmwbinyflpnmvtoexpqfdfguqu,FSINLUZAAKKGCOOJNZKQ,Cosnoypyfgd
hrh7130,202937.0,xanada,O,DC,q,,hegwwwtcrerrwijpvfbsiw8,1 522 656 1159,M,863.0,Ulgcnbfqjcpp,,jigwizmlcltxngvrnavtgfzxmmeormtmupbsktdptujajxjonhsxulayqrbkfe,CYEDXQOYDQDRWGAK,LGLJBXLL
Xo37263,149329.0,yni44dStates8fAmerica,R,TX,L,3.0,Xowgx,1 669 992 3228,S,776.0,VHADIPNEWPUSYHIKN,,Ngtmddzbuvdwwhfpehoxcqcmvllifyouommtjlonb,Njidomzu,xdzuocaej
vus7318,181581.0,UnitedStatrslfzkerica,O,AZ,R,0.0,gucrytje,1 581 424 9200,M,317.0,qzmmcxwcjliczddkj,,zkrxucbgudwzjbdi,amjeudkxbmsrphvymhmigbdzwsuemswlawcxqatqljslemsfzhxtqunhzjtbjjmf,ZVZAB
