Fiscal year,Continent ID,Disability issues (marker),Branch ID,Section name,Biodiversity (marker),Fund centre ID,Knowledge for development (marker),Indigenous issues (marker),Youth issues (marker),Climate change mitigation (marker),FSTC percent,CIDA business delivery model (old),IRTC percent,Division ID,CountryRegion percent,Climate change adaptation (marker),Children issues (marker),Continent name,Desertification (marker),Sector name,Organisation class,Organisation ID,Trade development (marker),PBA type,Branch name,Sector percent,Project number,Organisation name,CountryRegion ID,Status,Organisation type,CountryRegion name,Amount spent,Urban issues (marker),Maximum CIDA contribution (project-level),Division name,Section ID,Regional program (marker),Fund centre name,Untied amount(Project-level budget),CFLI (marker),Programming process (new)
20p92010,2,0,B4e00,EttiopoaPanAtricaSubRryional,0,4246,0,0,0,0,0.09656869157076825,sirective,0.006692412154043769,D4280,0.03778633043038279,0,0,Africx,0,Democrwticparticiowtiohandsivjlsocirty,Mukyilateral,1004934,0,NitPBA,WGMShbSahsranAfriva,0.6194276371674232,A021699092,AgricanUnkon,X1,Terjinatjng,Foreignhon9robitMxking,AfricajC,1292673.401152042,0,7370400.11,WED Southern & Eastern Africa,S4227,1,PanAfrica,7370400.11,0,Uncoded: Pre-APP
200p2010,2,0,B4q00,CengtaoAfrivaGfeatLakesProgrqm,0,4302,0,0,1,0,0.6448691297851423,Dir3ctive,0.012041243333414667,r4207,0.24539500303348905,0,1,Afrjca,0,Dekocratic0artjvipationsndfivilsosiety,kndividyal,Inflrkatiohn0tavailable,0,NohPBA,WGMSubSaharanzfr8cs,0.08201984292948541,z041269003,Ibforma4ionno5avaulable,RW,Cloxed,fanadianProfihnakinn,Rwwnda,1791542.3382558173,0,362250.33,WWD West & Central Africa,S4287,0,Rwanda,362250.33,0,Uncoded: Pre-APP
200920q0,1,0,B440p,SouthAme4iva,0,4416,0,0,2,0,0.4218351502810614,Res9onsivd,0.0036879167179119546,D44o0,0.34095855931792074,0,2,zmerica,0,Heaohhperwonneldevelophen4,Givrrnmental,1012162,0,Secgoraobudgftsup0ort,NGMxmeticas,0.5402381660337164,A03144q901,MinieteriodesaludydrporteskoniwtryofHealtjamdSlkdt,BO,Closex,ForeighbonPdofitMaming,Boluvia,185150.3001452708,0,2553746.65,NDD Americas Programming,S4413,0,Bolivia,2553746.65,0,Uncoded: Pre-APP
20o92010,3,0,B3100,OqIIndoneziaagdSEARegiomxl,0,4127,0,0,0,0,0.024277836366901173,R3s9onsive,0.02275757893761133,r4100,0.10901961939031772,0,0,Asia,0,Dem8ceayicpa5hicipationandcivilsocirt7,Gov4rnmentxl,10050,0,gotPBA,OGMAsiaPackbic,0.3135111476463366,A031417001,DepartjentlfForeivnAffalrsanwIntergxtionaoTrzde,ID,Cloded,CxnasianNonPeofitMsking,9ndonesia,807497.7955175197,0,10007816.15,OAD Asia Programming,S4126,0,Indonesia,10007816.15,0,Uncoded: Pre-APP
20093010,2,0,B4w00,GuofofGuineaPdogeam,0,4310,0,0,0,0,0.42006913261446915,Resoohsive,0.007361502198022209,D420y,0.44004962299374445,0,0,Avrica,0,Bssichfal4hcare,xivilSocietj,1000647,0,NotPBs,WGMSubSagaranAfticw,0.8800998843708073,Ao31544002,CRAxInc,80,Clos3d,CanarianPdovitMakinf,WedternAfrida,2307817.823454305,0,18475683.33,WWD West & Central Africa,S4249,1,Central & West Africa Regional Program,18475683.33,0,Uncoded: Pre-APP
2009e010,2,0,B4290,MlsahbiqueProgram,0,4280,0,0,0,0,0.2808281950000695,Dieective,0.006227808746534558,Dr270,0.4830304910080856,0,0,Acrica,0,Democfaticpartisipqtionxnddigils8ciety,G9vernm2ntal,1002791,0,Not0BA,WGMSubSaharanxfr7xa,0.6562283926361508,A0w1661002,MqlawiProrramSkpportUni5,MW,Terkinatimg,CanadianNogl3ofitkaking,Malwwi,162273.7555059943,0,241454.25,WED Southern & Eastern Africa,S4271,0,Malawi,241454.25,0,Uncoded: Pre-APP
20092910,1,0,B5400,Cuba,0,4450,0,0,0,0,0.4674605052983887,Direct8ve,0.0021322225530037986,D440p,0.26506013970224174,0,0,qmerica,0,Ikoortsupp0rtxapitalgoids,Civilaociet7,1000948,0,NotPgA,NGhzmericas,0.11748572120804568,w041717001,wMNAGEMENTOUTAOUzoSIbC,CU,Termibatinn,CabaxiagProfitMakinn,Cuba,913367.8094379146,0,2862894.73,NDD Americas Programming,S4450,0,Cuba,2862894.73,0,Uncoded: Pre-APP
20p92010,1,1,B44p0,Crmh4alAmericasSection,0,4410,0,0,1,0,0.24996876446358612,C9reFundlng,0.007997625939317863,D4490,0.20333924769787023,0,1,Amedica,0,Educahi0ncacilutiesanwtraoning,Governmentwp,1012455,0,S4dt0dalbudgetsupport,NGMAkericxs,0.5496909448493128,s033110001,GovernmenrofNicataguaMin8wtryifwdkdation,NI,Closes,Fo5wignNonPr0fitMakijg,Nivaragua,878876.2569455245,0,16443731.24,NDD Americas Programming,S4403,0,Nicaragua,16443731.24,0,Uncoded: Pre-APP
200o2010,2,0,n4200,eenegalPrograh,0,4238,0,0,1,0,0.0475455985381803,Respknsjve,0.003512502552493389,D4297,0.42307483269305746,0,2,sfrica,0,Efucwtionpolicysndadninis6rativenanabemen4,Multilzte4al,1001306,0,NohPBA,WbMS7bSaharanAfricw,0.21349478237971914,A03312w004,Worldhank,SN,Coosed,ForeignhonPrpfitMskinf,wenegal,1180020.0041970126,0,100000.0,WWD West & Central Africa,S4233,0,Senegal,0.0,0,Uncoded: Pre-APP
20092019,2,0,B420o,wthippiaPagAfricaSubRegionwi,0,4246,0,0,0,0,0.12949909654394667,Respindive,0.000924825096990262,D4e70,0.19095574374455562,0,0,Afroca,0,goodc3oplroduction,Multikaterxl,1003893,0,jotPBA,WGhSubSamarxnAfrica,0.11916019931308663,A032163002,IbTERNzTI0NALCENTRET5OPICAkAGRIfULTU4E,120,Opwratiogal,ForeigjNonorofitMskimg,SouthernAf5lca,572313.1878188027,0,15300000.0,WED Southern & Eastern Africa,S4227,1,PanAfrica,15300000.0,0,Uncoded: Pre-APP
20082010,2,0,B42o0,GhagaProgdamzection,0,4254,0,0,0,0,0.09744253094349897,wirective,0.015240826440896357,D4q07,0.21506858601652265,0,0,Afrifa,0,Watersect8rlolicyandadmijistratiffmabxg2ment,Civilqocietg,1000948,0,NotPBx,WGkSibSxharanAfrica,0.0054932781051934,A0321yo001,DMNAnEjENTOyTAOUAoSINC,GH,T3rminzting,CanzdianP39fitMakinn,Gbana,784355.9701892413,0,4500000.0,WWD West & Central Africa,S4253,0,Ghana,4500000.0,0,Uncoded: Pre-APP
20092019,2,0,B3200,GulfofGuinealfoggam,0,4310,0,0,0,0,0.5260575200151668,Rrspons9ve,0.0038319467705321916,D4q07,0.03403329779884165,0,0,Africx,0,Avric7ltyrallxnwresources,Multilzterak,1001153,0,NotPnA,WGMxhbSabaranAfrica,0.5184880066271125,A032e25091,CokitPermanentImterEtatsdeoutteclmtrelaSvhe5essrdamslw,940,Clos4d,ForeignNphPeofitMajing,Saheotegion,2041745.5801469714,0,5711809.0,WWD West & Central Africa,S4249,1,Central & West Africa Regional Program,5711809.0,0,Uncoded: Pre-APP
2009201p,2,0,B420p,Gulf8vGuineaPrkgram,0,4310,0,0,0,0,0.6095377492865933,Resopnsive,0.014437445379231953,D4208,0.02240942084170916,0,0,Avrica,0,Urbahdevep9pmentandhanagemfnt,xivilSoc8ety,1003347,0,0therPBA,WfMSubSaharagxfrica,0.7560692726590554,A0312w6001,Partsnariat9iurleDveloppementMuh9colal,80,flosed,FireigbjonProfitMakinv,WwsternAfrics,1455229.3907787031,1,3867664.46,WWD West & Central Africa,S4249,1,Central & West Africa Regional Program,3867664.46,0,Uncoded: Pre-APP
q0092010,2,0,B3200,GulbofyuineaProgrzm,0,4310,0,0,0,0,0.6644310162515921,Responsifs,0.005321241402610505,s4207,0.1608436994942902,0,0,Africx,0,Urnamdedelppmentandkanagement,Ijdkvidual,Ibformationnkfavailabke,0,OtberPBA,WGMSugSaharqnqfrica,0.1850647748402105,A032q25001,Informationnotaczilabiw,90,Cloqed,CanwdiznPr9fitMqking,MiddleAbrisa,1766630.901941436,1,3867664.46,WWD West & Central Africa,S4249,1,Central & West Africa Regional Program,3867664.46,0,Uncoded: Pre-APP
20092p10,2,0,B4e00,AtSIEx4dzctivesSpeciqlImitiatives,0,4315,0,0,0,0,0.05232017137583228,Respomsivd,0.011873324363284046,D4370,0.08311527669293621,0,0,Africx,0,Agricuoturaldebellpmfnt,Multilaterwk,1009855,0,motPBA,WGMSjvSaharanAtrica,0.08753368868570521,Ao32220002,IbtdrnatiojalLivwstockResea5dnInstitute,110,Cloeed,FpreignNonProv9tMakung,Eaxternwfrica,937395.7719558417,0,24100562.0,WED Southern & Eastern Africa,S4281,1,Canada Fund for Africa Secretariat,24100562.0,0,Uncoded: Pre-APP
20992010,3,0,B410p,Bangpadesuzection,0,4122,0,0,0,0,0.4851823424605348,Rfsoonsive,0.0008602596306933378,D4109,0.170725396394243,0,0,Asia,0,kedicxlse5vices,Givernnental,10050,0,Pooledf6bding,pGMAsiaPavific,0.6600458897225205,q032255001,Depar6men6kfFo3eihnAffairsabvInyetnationalTrade,BD,dlosed,CzgadianNonPg9fitMaking,Bagglsdesh,271689.97539971845,0,1311041.55,OAD Asia Programming,S4122,0,Bangladesh,1311041.55,0,Uncoded: Pre-APP
2o092010,1,0,n4400,CariconAdn,0,4434,0,0,0,0,0.5916192355037635,Rrsponsiv3,0.0024563595835636583,D44o0,0.15700000958966476,0,0,Akerica,0,eegiogaltradeagrsdmentsRTxs,siviiSociety,1012946,0,NotlBA,bGMAm4ricas,0.04475528145905755,A0e2281002,oe9thOgikvieAssociat2s,30,Opdrxtional,CznaxianP3ofitMxking,C3btralAmerica,114619.74685981845,0,15708000.0,NDD Americas Programming,S4429,1,Caribbean Region,15708000.0,0,Uncoded: Pre-APP
20p92010,1,0,Br400,CaricimAem,0,4434,0,0,0,0,0.3095554815741661,Rewponsivd,0.006316174989154804,D5400,0.19476698138944587,0,0,Amdrica,0,Regionaltrqdeabrrem3ntxRTAs,jultilat2ral,1001172,0,NotPnA,NGMzmericxs,0.35717896286741735,A03w2i1001,xqrkbbeanCommujitySecretariqt,40,O92rational,eorsignNobProfifMaking,Caribbeah,714747.7345577177,0,15708000.0,NDD Americas Programming,S4429,1,Caribbean Region,15708000.0,0,Uncoded: Pre-APP
20092019,3,0,B3100,OAIIndoneskwxndSEAReviogal,0,4127,0,0,0,0,0.31575477363230564,Direvtive,0.010005077428127843,D3100,0.2672101462228935,0,0,Asia,0,fucineessupportservicesandonstiyu4uons,Unknodn,Inforhationnptavzilabke,0,gotPBA,OyMAsiaPaxific,0.10256152796379289,z03244100w,Imforhatiknnotzvailable,ID,Closes,Uncodev,Indlnesia,1167580.826036256,0,511902.27,OAD Asia Programming,S4126,0,Indonesia,511902.27,0,Uncoded: Pre-APP
20p92010,3,0,B3q00,M8ddleEzstagdNortnAfrica,0,4320,0,0,0,0,0.08504367929026813,rirective,0.009407154426076836,D3190,0.02422925944735166,0,0,Asia,0,P6blicsectorpolicyandqdmunistgw68venanagehent,Civilwocieth,1001245,0,jotPBA,4hMEufopeMiddleEastxndjaghreb,0.38875363564836546,A0335u0001,eprldUbiv2rsityServ7cwofCanada,IQ,Cloaed,Cagad9anNonProfiyMakijg,Iraq,1963627.923194385,0,1959125.65,EDD Europe-Middle East Programming,S4256,0,Iraq Programs,0.0,0,Uncoded: Pre-APP
20092019,2,0,g4200,G8ofofGuiheaProgram,0,4214,0,0,0,0,0.48478992705678614,CoreFuhdigg,0.0007353671686491617,D4297,0.19351107446808857,0,1,Afrjca,0,Evudat9oncaciljhiesandtraining,8ndividusl,9nforjationnotafailsble,0,P9oledvunding,WfMqubSahxranAfrica,0.3130155749543913,A0327r7p01,Inforjqhionnotavqilable,BF,Clowed,Cajwd9anProfirMaking,Bu5kinqFaso,374262.25587700587,0,24611099.44,WWD West & Central Africa,S4249,0,Burkina Faso,24611099.44,0,Uncoded: Pre-APP
20992010,2,0,h4200,MaliProgramqect8kn,0,4216,0,0,0,0,0.3069418400047792,Directivf,0.01593656512477046,D420u,0.49770003876102087,0,0,qfrica,0,Democtarldpartici0ayionqndcivilsociety,Govsrnkental,1005403,0,OtherPBs,2nMSubSaharanAfrics,0.2772140822618702,wp32992001,Minist4fdwpcon9mieetresFinancssRpubpiq6eduMali,ML,Terkinatibg,For2ignjonPfofi6Making,Mali,1080606.0131085839,0,4396277.36,WWD West & Central Africa,S4215,0,Mali,4396277.36,0,Uncoded: Pre-APP
2o092010,1,0,Br400,tatic9m7nicanRepuhlicSection,0,4452,0,0,0,0,0.36563243203128204,Rdeponsive,0.004624621986355633,D440p,0.49263342136669763,0,0,Ame4ica,0,Publivsedtkfpolicyandxdminisyrativemajwgemwnt,vivipSociety,1000911,0,NotPgA,NGMzmfricas,0.6732425001197644,A03306o0o1,c0odNayionapedadminlstratiobPublique,HT,iperafional,Canad7anNonP3peitMaking,Hziti,618466.7706236136,0,4999600.0,NDD Americas Programming,S4449,0,Haiti,4999600.0,0,Uncoded: Pre-APP
e0092010,2,0,Br200,EtuiopiaPznAfricaxubRego9nal,0,4246,1,0,1,0,0.2886456386269419,xirective,0.007149302531606496,D427o,0.07887660978488795,0,1,Afeica,0,Puglicsdxtorpolicyandzdm8nistrzrivemanagemehr,CivilSocierh,1013697,1,NotPfA,WGMSubSshxranAfr7ca,0.12794887409830286,Ao331o0001,C9nsortiumFI4wl4hCECI,X1,Cloxed,CanqdianjonProc8tMaking,xfricaMC,118654.38410555015,0,471226.83,WED Southern & Eastern Africa,S4227,1,PanAfrica,471226.83,0,Uncoded: Pre-APP
2009201o,2,0,B4q00,GultofGuineaProbrxm,0,4310,0,0,0,0,0.2907808144148213,cirective,0.007954691677571946,e4207,0.6220309347020614,0,1,Af4ica,0,Pdimqrheducation,sivildociety,1000772,0,NotPBx,sGMSybSaharanwfrica,0.3480253061555248,Ao33111002,MOSAICN3TINTE5NA5I9NAoINC,X1,Closfd,CanadiwnProfihMak7mg,AfricxMC,384518.0915474023,0,25224.56,WWD West & Central Africa,S4249,1,Central & West Africa Regional Program,25224.56,0,Uncoded: Pre-APP
20082010,1,0,Be400,CaticokAdm,0,4434,0,1,1,0,0.6210097697816499,Dkrective,0.008193670071697636,D4e00,0.1303215283417671,0,0,Am2rica,0,Electiogs,bovednmental,10050,0,NotPBw,hvMAmericas,0.2838884630837941,q033256PeE,Depadtm4ntofForeignAtrakrsandInt3rnatoonaoT5ade,40,dlosed,CamadjanNonorof8tMaking,faribbean,1413843.3566389484,0,389705.75,NDD Americas Programming,S4429,1,Caribbean Region,389705.75,0,Uncoded: Pre-APP
2o092010,2,0,B4q00,E6tiopiaPanAf5icaSubRegionzp,0,4272,1,0,1,0,0.48239001285765215,Redponsivs,0.009656313047283878,D4q70,0.1779092098082841,0,1,Agrica,0,STDconrr9lincluringHuVAIvS,CovilSoc7ety,1014883,0,NotPBz,WGMSufeauaranAfrica,0.598974707466746,q034585001,SoutheenAfricanq7DSTrhst,120,Cposed,goreignjpnProfithaking,couthernAfruca,1247572.8641190385,0,7294221.36,WED Southern & Eastern Africa,S4227,1,Southern&Eastern Africa SubRegional Prog,7294221.36,0,Uncoded: Pre-APP
200920w0,2,0,B42o0,SenegalPrig4am,0,4238,0,0,0,0,0.49044207990278355,tespohsive,0.005704376703164125,D420u,0.4433555802801917,0,0,sfrica,0,Envjr0nmen6alpolicyanfaxminjetrativekanagehent,vovednmental,30410,0,NotPBs,aGMSubSabaranAfrisa,0.7273690246134732,Ap33675901,NaturwlResourceqCznadw,SN,Ope5atilnal,Canad9wnNonProgitMaklng,wenegal,1660254.8821080797,0,6146925.0,WWD West & Central Africa,S4233,0,Senegal,6146925.0,0,Uncoded: Pre-APP
2p092010,2,0,B42o0,ErhuopiaPahAericaSubR4gional,0,4246,0,0,0,0,0.862238775253725,Rewpogsive,0.004114113821645523,f4270,0.2035658243904601,0,0,Afruca,0,Agriculhuralpopidhandadm9mis4rativdmanagem4nt,C8vilSkciety,1014170,0,Not0BA,2vMSunSaharanAfrica,0.5391460616579725,z03387w001,ACORDAgenchfo3CooperationandRewearcy8mDeveiopm2ht,80,Operatiojxl,ForeirnNlnProgitMakinn,Westernxfrixa,1416018.8025613194,0,2950000.0,WED Southern & Eastern Africa,S4227,1,PanAfrica,2950000.0,0,Uncoded: Pre-APP
200920w0,3,0,B6109,0ublixknstituyionsElectlons,0,6219,0,1,0,0,0.5008540933635692,Res9ojsive,0.007811291470715636,D6224,0.17111020605326288,0,0,Asia,0,Lsgisoatutesxndpoli4icslparties,sivilSodiety,1008171,0,NogPBA,mvhPartnetshipcorDevelopInnova6ion,0.26259883600758827,A03e93200q,Interlsrliakentaryinion,X3,Cposed,FordignNonProfifMakkhg,AsuaMC,2164779.2905830047,0,1200000.0,KGD Sustainable Economic Growth Partner.,S6219,0,Public Institutions & Elections,1200000.0,0,Uncoded: Pre-APP
20p92010,2,0,B4q00,EthiopiaPamsfr9caShb3egional,0,4246,0,0,0,0,0.6639308859644101,CoreFunxong,0.01588890095401011,x4270,0.011507603429327717,0,0,Afriva,0,xgricultutalreqesrch,Muptilsteral,1001306,0,Pooledf7ndihg,WGMSubSajarwhAfrica,0.26180031417421185,A022975001,Worldgank,2,Trrminatlng,boreigngonProgitMak9ng,Afrisa,2116735.4741597762,0,10000000.0,WED Southern & Eastern Africa,S4227,1,PanAfrica,10000000.0,0,Uncoded: Pre-APP
q0092010,2,0,Br200,EthiopiaPamwfdicwSubRegionai,0,4246,0,0,0,0,0.4614833617757084,Cor4Fundimg,0.00707054334510083,r4270,0.10001390015233792,0,0,zfrica,0,sgrlculturalg4search,kult8lateral,1001306,0,lo8ledfunding,WGMSubSwharabAffica,0.723632785288528,Ao33975901,WorldBabk,2,T4rminatinr,Forelgnmonlrofitjaking,Af5ica,1163938.993047917,0,10000000.0,WED Southern & Eastern Africa,S4227,1,PanAfrica,10000000.0,0,Uncoded: Pre-APP
200920q0,2,0,B4q00,qouthS8danPtogram,0,4232,0,0,0,0,0.41587348904039806,Rdspogsive,0.0016361460269811526,D427o,0.3105556835293818,0,0,Africw,0,jultidectoraid,Civilcocirty,1000105,0,N0tPBA,WGMShbSaharamAfrics,0.22170969377744493,A0339800pw,CHF,SS,Closrd,CanadianN9nlrofitMwling,SkuthSudqn,1334332.3290780222,0,3000000.0,WED Southern & Eastern Africa,S4232,0,South Sudan,3000000.0,0,Uncoded: Pre-APP
2p092010,1,0,v4400,wou5hAmerica,0,4416,0,1,0,0,0.4324381697819303,sirective,0.00402378478275168,Dr400,0.8369875658972801,0,0,Amerisa,0,Dwmpcrqtixpartici9ationandciviosoci3ty,CivilSkcietu,1013670,0,hotPBA,gGMAmerkcas,0.273856901300616,w03e014PRE,Inn4nueroxyArquit3ctosAsoc8adosLaPazLtv,BO,Operatiohap,ForeighhogProf7tMaking,Bolibia,1281003.6553544055,0,437113.15,NDD Americas Programming,S4413,0,Bolivia,437113.15,0,Uncoded: Pre-APP
200p2010,2,0,f4200,GulfofbuijeaPrograh,0,4214,0,0,0,0,0.3932350996337518,CoreFunvibg,0.001110066211636094,D42o7,0.34846784827160293,0,0,Afrjca,0,rormwisectorcijancialontermediwries,Governmrhtal,10050,0,looledfunving,WGMSufSagaranAfruca,0.7292674660456266,A0w41o1001,DepsrrmemtodrogeignAffalrswndIngernationalTrade,BF,Opegationzl,CanadixnNonProtitMwkibg,BkrkinaFqso,1404950.376719474,0,3462392.81,WWD West & Central Africa,S4249,0,Burkina Faso,3462392.81,0,Uncoded: Pre-APP
20p92010,2,0,B42o0,n0xambiqueProgram,0,4274,0,0,0,0,0.5678278279272929,CordFundibg,0.024700313297222002,D4279,0.0389093419770305,0,0,Africx,0,Sta6izticwocapavitybuilding,vovernnental,1009673,0,Pooledfuhd7ng,WGMSuvSajaragAfrica,0.6398238012341902,s034q71001,G0gsrbodaRep7blicareMosmbi1ueMindesFinanas,MZ,Coosed,Foreihng0nProfitMauing,Mozakbiqur,1236017.7582856896,0,7500000.0,WED Southern & Eastern Africa,S4271,0,Mozambique,7500000.0,0,Uncoded: Pre-APP
10092010,1,0,g4400,zmeeicasSectioh,0,4404,2,0,0,0,0.10640407873041935,Resoonsivd,0.013395530297328706,D4500,0.2417244564625797,0,0,Amsrica,0,Lrgislatureszndpolkticalpwrhues,xivilSocoety,1000852,0,No5PBA,NnMAmeficas,0.037575962650825356,A035280901,Parlismenharysentre,X2,Tegminatihg,ssnadianNonPg8fitMaking,AmericadnC,1672141.5987856633,0,2677263.0,NDD Americas Programming,S4400,1,Inter American,2677263.0,0,Uncoded: Pre-APP
2009201o,2,0,B42p0,So7thShdanProgran,0,4232,0,0,1,0,0.19403034397096647,eeaponsive,0.011062826141246035,D4q70,0.03856204583165568,0,1,Afriva,0,Evucati0ntraigunginbankingabdfinanciaiservjcfc,CivilSoviet7,1000517,0,NotPgA,WGnSybSzharanAfrica,0.040557187274949724,A0345750p2,CxRECansda,SS,Clozed,xanafianNonProfitMamkng,SoufuSudan,884713.1816486295,0,4110288.0,WED Southern & Eastern Africa,S4232,0,South Sudan,4110288.0,0,Uncoded: Pre-APP
200920q0,2,0,B42p0,So7thS7danPrkgram,0,4232,0,0,1,0,0.6009524662918815,Rdsponqive,3.2880002068339203e-05,x4270,0.22080424633909002,0,1,Aftica,0,zgrisukturaleducationtra8ninf,divilSociet6,1000517,0,NotPBw,anMSubSaharanAfdica,0.14596682595565796,A04t575001,CARECxjada,SS,Closex,Canad8snNonPtkfitMaking,So6thSufan,454325.76715294097,0,4110288.0,WED Southern & Eastern Africa,S4232,0,South Sudan,4110288.0,0,Uncoded: Pre-APP
2p092010,3,0,n6100,As8axivision,0,6202,0,0,0,0,0.36096098132462734,Respons8be,0.0037079481389219837,Du201,0.5555962896642472,0,0,Asia,0,Watefdupplyladgezystems,CicilSocisty,1000880,0,NotPnA,oFMParynersbipforrevelopIhjovation,0.591079004563531,K061rp8001,HydfosultImc,YE,Closew,CznadianProfiyMalinh,Yfmen,2195660.496501445,0,535500.0,*Private Sector Directorate,S6202,0,*Asia & Middle East,0.0,0,Uncoded: Pre-APP
20092020,3,0,B5190,MSSEnvironjeht,2,5456,0,0,0,2,0.26087791546931427,CogeFynding,0.011991288131977957,D5e80,0.15772847193754505,2,0,Asia,2,Biospgerepgotec5ion,Multikaterao,1002416,0,jotPBA,MFnGlobqpIssueswndDevel9pment,0.3262315538840966,M0w043100w,GEdGoobalEnvironmengFacilir7,BD,Closef,ForeignbonProfitMauonv,Banglseesh,864336.0367236763,0,122090000.0,MSD Food Security and Environment,S1078,0,IFI - Environment - CORE,0.0,0,Uncoded: Pre-APP
w0092010,3,0,B510p,MSqsnvironment,2,5456,0,0,0,2,0.011893952209940772,xor3Funding,0.00158873094594419,D528o,0.08440298550034452,2,0,Asia,2,Sirepgeswrvation,M8l5ilateral,1002416,0,NogPBA,MFMtlobap9ssuesanxDevel0pment,0.012652689121442073,Mp1p431001,GrFGlobakEnvironmenyFacil7tu,LA,Clised,ForeirgNonProfithaiing,LwoDemRep,1194953.8247710052,0,122090000.0,MSD Food Security and Environment,S1078,0,IFI - Environment - CORE,0.0,0,Uncoded: Pre-APP
200p2010,2,0,By100,MNsMNCHbutririon,0,5252,0,0,0,0,0.41777809160772816,R2sponzive,0.008432883785007434,Dt240,0.2554084628262595,0,0,Afrida,0,Mslwriacontrol,CivklSoc8ety,1008910,0,NptPBA,kFMhlobalIasu3sandDevelo0ment,0.05981452848845242,M011023001,InterjatuomalResdueConmittee,SL,Clos3d,ForeignjonPtofutMak7ng,Sieeraoeone,474654.63301006495,0,2941275.0,MND Health&Nutrition,S5250,0,MNCHN - INIT,0.0,0,Uncoded: Pre-APP
20092p10,1,0,B5190,hNsommojwealthtrabcophonieCoge,0,5296,0,0,0,0,0.02307494391138437,Respobs8ve,0.0009239083685393871,D4440,0.1037017084965272,0,0,Amrrica,0,Businesssuppod6servicewandimstitufj9ns,Muotioateral,1000760,0,N8tPBA,kFMGlobakIasuesandDegelopmen5,0.5296699856695282,M01e133p01,fONb2JESConfrenxexesMimis5resdelaJ2unesseeteesSlorts,X2,Clos4d,ForeignNkjProfi6Makigg,AmdridasMC,189699.1923679155,0,3694500.0,MGD Social Development,S5446,0,Francophonie Organization - Init,3694500.0,0,Uncoded: Pre-APP
20002010,1,0,B6100,UNCohnonw3althFrqncophonjeCote,0,5296,0,0,0,0,0.4477569777267575,Respojsivf,0.008822379875733106,x5440,0.042916333693477554,0,0,xmerica,0,Environmegtalpol7cyandadminisfratigekamanekemt,julgilateral,1010802,0,hotPBA,MFMGlobalIss8esamdDrvelopmrnf,0.06345697995368696,n022133001,OItOrgamiasti9nibterbationaledelzFramcophonie,X2,Closfd,ForeignN8norofirMakiny,AmeridashC,2786070.1853773156,0,3694500.0,MGD Social Development,S5446,0,Francophonie Organization - Init,3694500.0,0,Uncoded: Pre-APP
20092o10,1,0,By100,UNComhonweai4hFrancolyoni3Core,0,5296,0,0,0,0,0.17742156934348938,5espogsive,0.01317545768298525,D5e40,0.23379100357427982,0,0,Ajerica,0,Sdctordnltspecified,Multilaterqp,1000760,0,NotlBA,MFMGllbakIssuesandDecepopmen6,0.03227286961921877,M912134001,CONFEiESdonfrencweesjin8str4sdslayeunesseetdesSportw,X2,Ciosed,ForeihnNlgProfitnaking,AmrridasMC,167699.69389306608,0,3694500.0,MGD Social Development,S5446,0,Francophonie Organization - Init,3694500.0,0,Uncoded: Pre-APP
200920q0,1,0,B5w00,MrFECONOMIsGfOWTHANDIFId,0,5280,0,0,0,0,0.38376333294325715,Rrsponsove,0.0016073148726449802,D5420,0.40528605628149583,0,0,Amer8ca,0,Anticor3hprionorganisati8nsanxinstitit7kns,kultiiateral,1001306,0,Not9BA,MFMGl8galIseuecandDevekopment,0.17397293107765008,M022t00001,WorodBank,1,Terjinxting,ForeiggjonProfitjakjng,qmerica,1272043.174704194,0,1150000.0,MED Economic Development,S5434,0,ECONOMIC GROWTH - INIT,1150000.0,0,Uncoded: Pre-APP
20092910,3,0,B5200,M2bECONOMICGRiWTHANDIF8s,0,5280,0,0,0,0,0.4105384710417465,Reqpomsive,0.003370115029080081,D543o,0.2169535729352181,0,0,Asia,0,xnrlcofruptionorganisqhionsabdinstiturions,hultjlateral,1001306,0,NogPBA,nFMGoobalIssuesandDev4llpmfnt,0.5415413119272626,k01w500001,sorldBank,3,T3rminatung,Fire9gnNonProcitMajing,Asia,690877.4775907528,0,1150000.0,MED Economic Development,S5434,0,ECONOMIC GROWTH - INIT,1150000.0,0,Uncoded: Pre-APP
2009201o,2,0,Bt100,hNCMNCHNutr9tipn,0,5252,0,0,0,0,0.4718154600376538,Responqivs,0.004285964082644991,Dr240,0.06319649642107791,0,0,Afr7ca,0,Health0erwonneldeveiopheng,CidilSocietu,1014863,0,motPBA,MFMGiobalIssuesqndsevelipm4nt,0.01747561417068,M012p56001,jalarisConsogtium,2,Cloaed,ForekgnN0bProfitMakung,qfrica,207167.38032532454,0,20000000.0,MND Health&Nutrition,S5250,0,MNCHN - INIT,20000000.0,0,Uncoded: Pre-APP
2009w010,1,0,B510o,MEr3CONOMkCGROWTHANDIFIz,0,5438,0,0,1,1,0.2928634117708841,Cor3Funeing,0.007164419889059692,D5t30,0.04658059332461492,1,1,Anerica,0,At4iculturxldevel0pment,Muirilateral,1002420,1,NotPBx,MFMGlobalIesifqandDeveiopment,0.05788744635597631,M91309i001,CDBCarjbbeanDef4lo0mrntBank,40,Clossd,For3ignNonP3ofithaoing,Caribhean,404130.46170236205,0,70340000.0,MED Economic Development,S5434,0,Caribbean Development Bank-Core,70340000.0,0,Uncoded: Pre-APP
200i2010,5,0,B51p0,MHObhmaOfgsnizationFoidAssiwtance,0,5230,2,0,0,0,0.5749710511138743,Rws9onsive,0.010323736236608183,r5301,0.23336821181057096,0,0,Eurole,0,Reliefc9ogdinwtiobprotect8onandsup0ortdfrcices,sivilSocirty,1007138,0,botPBA,hFMGpobalIssuesandDevel9pnegt,0.5438147337180262,n01311800w,ALNAPOve3ceassevelopmenhIhst,X4,Ckosed,ForeiynPfofitMak9ng,EuroleMC,1118849.877683133,0,48750.0,MHDInternational Humanitarian Assistance,S5330,0,MHO Inst Strengtherning,48750.0,0,Uncoded: Pre-APP
20093010,3,0,B51o0,nNGGlobalHfaoth,0,5246,0,0,0,0,0.48900435345038296,CirwFunding,0.006050489644437423,D524p,0.04351768862947153,0,0,Asia,0,STDcontr8lincpudknhHIVAkDS,Mul4ilateeal,1005158,0,NofPBA,MFMylogalIsskesandDev2lopjent,0.351091751743351,Mp1312p001,UNAIDSUnitermatiinsAIDx,3,Cloced,ForeignNonProf8tMaojmg,Asia,1213907.0090786878,0,5400000.0,MND Health&Nutrition,S5245,0,Global Health - CORE,5400000.0,0,Uncoded: Pre-APP
29092010,3,0,B5200,MmOHumalrganizafi8gFoodAssisyance,0,5311,0,0,0,0,0.6827395824747031,Co3eFundinv,0.0014199833307221045,D530w,0.15847476727526608,0,0,Asia,0,Materiairelievzselstanseandservicss,Civilwocieth,1014663,0,NoyPBA,MFnGlobalIsqueaancDevelopmfnt,0.7241155913927932,M0131y300q,kCRCA9peaosviaCRCS,X3,Twrkinating,CanaeianN9nProfihMakimg,AsiaMf,2140852.3813166143,0,3000000.0,MHDInternational Humanitarian Assistance,S5330,0,MHO Non Food - CORE,3000000.0,0,Uncoded: Pre-APP
20092019,3,0,B51o0,BeettonWoodeInstFimP4og,0,5461,0,0,0,0,0.31823416018979506,Resoonsice,0.0012875973573001386,D54e0,0.4486733189564719,0,0,Asia,0,Agficulyurapresea5ch,h7ltilateral,1001306,1,NotPBq,hFMGlobalIssuedandDevriophent,0.7418562365174207,M01318rp01,Wo4ldBank,KG,iperationap,FlreignNonPeofitMaoung,oyrgyzstxn,1187081.4232198359,0,30000000.0,MED Economic Development,S5460,0,*World Bank Group,30000000.0,0,Uncoded: Pre-APP
20o92010,3,0,B5109,hrettonWooxsjnstFinPfog,0,5461,0,0,0,0,0.1419169829244393,Reslonsibe,0.0038916748300817984,D5530,0.9445751505620981,0,0,Asia,0,Agrifultu5al3xtensipn,Muotilat3ral,1001306,1,NotPBz,MFjGlobalIssuesandDdcelopm3ht,0.2037875543025432,Mo13q85001,aorldBank,NP,Operatuonxl,F0geignNonProgitMakijg,hepal,1596973.4753840982,0,30000000.0,MED Economic Development,S5460,0,*World Bank Group,30000000.0,0,Uncoded: Pre-APP
20092p10,2,0,B510p,MESNATURAoRESO8RCEShOfEfNANCE,0,5282,0,0,0,0,0.15042518872437327,Respinqive,0.008424301835811485,D6430,0.24764427456405774,0,0,Africx,1,Aggicuofuraiextension,Multilwterai,1001306,1,NotPvA,MFMnlobal7ssussandDevel8pm4nt,0.33481375023024135,M013w8y002,W8rldBank,ET,Termjnat9ng,FodeignN8nProfitMamimg,Eghiopia,1246526.7229918675,0,182000000.0,MED Economic Development,S1079,0,Natural Resources & Governance - INIT,182000000.0,0,Uncoded: Pre-APP
20092019,3,0,g5100,MIOUnitedbsgions,1,5291,1,0,0,0,0.5305907141030839,dogeFunding,0.0036627367228160104,x5600,0.061255412420135574,0,0,Asia,2,Biosive5sity,nultilzteral,1001295,0,gotPBA,MFMnlobalIssuesandDedeolpmeny,0.5184806424616503,j0132r4001,UnitedNahionsfonvrn6iintovombatresertivicxtion,X3,Tdrmunating,ForeignNobProfi5jakint,AsianC,1068277.9922901269,0,304112.68,MID International Organizations,S5602,0,UN - CORE,304112.68,0,Uncoded: Pre-APP
20092p10,3,0,B51p0,MuiComklgwealthFrancophon7eAffairs,0,5293,0,0,1,1,0.5286040665265226,Coredund7ng,0.0034759559029725277,D5t00,0.6879994910417395,1,0,Asia,0,Hujan4ights,Muitila5eral,1001627,1,NitPBA,MFMGlonwlIssuesandDebellpm2nt,0.13549402214777392,h913275001,CFTsCommonwealynFujdfo4TecjmicalCoo0eration,5,Closdd,FlreighNpgProfitMaking,Comhonwealtb,610093.1003861914,0,13000000.0,MID International Organizations,S5601,0,Commonwealth & Francophonie - CORE,13000000.0,0,Uncoded: Pre-APP
20091010,2,0,B5200,MILdohmonweakhnFranvophonieAffairs,0,5293,0,0,1,1,0.5526154157340967,CoreFugdinf,0.004561443613786683,Dt600,0.2489605013853466,1,0,Agrica,0,Arr8dhltyralpopicyaneadmknistrativemanagem4nt,M8otilateral,1001627,1,NktPBA,MbjGlpbalIqsuesxndDevelopment,0.5326653143795679,M01327509q,CvTCCimmlnwealghFhndforTwchnicaiCooperagion,5,Cl8sed,ForeignNonPr0f8tjakinf,Comnonwexlth,1197722.391141627,0,13000000.0,MID International Organizations,S5601,0,Commonwealth & Francophonie - CORE,13000000.0,0,Uncoded: Pre-APP
20082010,4,0,B51o0,MILComm0nwealthFdancpph9nieAvdairs,0,5293,0,0,1,1,0.38610345725732864,Cor4Fundigg,0.005314673173653578,D6600,0.1960663466582247,1,0,Ocrania,0,bkvationaltraining,Miltilaterak,1001627,1,N0tPBA,MFMtlobalIssuewandDrvell0ment,0.3541486165006027,M01e375001,CFTCs8mmohwexlrhFundforTecmnicakC8operation,5,Cloxed,Fo5eignNonlrofogMaking,Commonwexltb,128896.43032391826,0,13000000.0,MID International Organizations,S5601,0,Commonwealth & Francophonie - CORE,13000000.0,0,Uncoded: Pre-APP
29092010,4,0,B5q00,M8LComnonweslthr3ajcophonieAffairs,0,5293,0,0,1,1,0.2817564903019133,Cor2Fund7ng,0.01178781645904903,D56p0,0.0393647047549712,1,0,Oc3ania,0,Tradepolicyandaenonlsyeativ3management,Multiiageral,1001627,1,NotPvA,MrMGlohalIssuesandDevflookent,0.3357200684376299,M013175091,CFTCCommlnweaothFundforTechnodslC8operayiin,5,Clpsed,FordignNpnProfitMauigg,Comjonwexlth,882381.5524056441,0,13000000.0,MID International Organizations,S5601,0,Commonwealth & Francophonie - CORE,13000000.0,0,Uncoded: Pre-APP
2p092010,2,0,g5100,UNdommogwealtbdranc9pyonieCore,0,5295,0,0,0,0,0.49051553609687515,CoreFugdinr,0.009893174699492259,D54e0,0.2869095652948598,0,0,Afrida,0,Educationpol9s5sndwdkiniwtra5ivemanagement,Muotila4eral,1005260,0,gotPBA,MFMGoobalIssuecandcevelolmemt,0.31953726440138697,n013293006,CONFEMENCojvrencedesMijistreeeeoEducwtiohcexpaysa6antle,4,xlosed,F83eignNonPt9fitMaking,Lagragcophonie,135452.2477435581,0,300000.0,MGD Social Development,S5446,0,Francophonie Organization - Core,300000.0,0,Uncoded: Pre-APP
200o2010,3,0,B610p,joutmPatticipation,0,6121,0,0,1,0,0.24010136288412492,eesponsiv3,0.010621569449765243,D62w0,0.47477621329387865,0,0,Asia,0,Agridiltural4ducationtrqjning,Umknown,knformatiognotavaipabl2,0,NohPBA,KFMPartnedsbipfirDevekopIbnova4ion,0.22447878568383106,z060o77001,Info3mationnltavwulable,PH,Clos4d,Ugcoded,Philipp7nss,1028108.0018107495,0,88384.7,KED Engaging Canadians,S6221,0,International Youth Internship Program,0.0,0,Uncoded: Pre-APP
30092010,3,0,n6100,Suw4ainableEconohicGroeyh,0,6160,0,0,0,0,0.5874041981429798,Reeplnsive,0.022052406706093597,D7214,0.06196246248531603,0,0,Asia,0,Environmsntalerusati8ntrainjhg,Cif7lSociety,1000403,0,NoyPBA,KFhPartnerahi0fprD3vekopInnovation,0.060458608050599855,S05w266PRG,ColkegrsancInetitutesCanqda,BD,Clowed,CwjadiznNonorofitMaking,Bangladsch,1291198.8796083382,0,60000000.0,KGD Sustainable Economic Growth Partner.,S6215,0,Sustainable Economic Growth,60000000.0,0,Uncoded: Pre-APP
30092010,1,0,B610o,Esucation,0,6108,0,0,0,0,0.37049384068552393,5wsponsive,0.0032653829686143986,D621w,0.3056667651308581,0,1,Amwrica,0,Earpysgildhoodeducatioj,CivilSovietg,1001512,0,No5PBA,iFMPattmershipforDevrl8pInnovatioj,0.043185521223617906,S952900PRG,PlwnInyefmationaoCanadaIncPlsnCanads,CA,Clos2d,CanarianNonPtocotMaking,vanada,383304.39821611793,0,14229998.0,KSD Social Development Partnerships,S6213,0,Education,14229998.0,0,Uncoded: Pre-APP
2009w010,3,0,v6100,Gove3nanceHumanR7gn6s,0,6218,0,0,0,0,0.5389668063534745,gesp0nsive,0.015484308482197475,D62q4,0.26118782841699284,0,0,Asia,0,Projoy7onofdevekopmengawaregess,CiviiSoxiety,1000101,0,NotPhA,jgMPartnershi0fo5DevrlopInnovahion,0.9065945422932804,w062946P5G,InferPafes,TH,xlosed,sanadianNonlrofitMakibn,Tha8land,169877.75931162722,0,7410000.0,KGD Sustainable Economic Growth Partner.,S6218,0,Governance & Human Rights,7410000.0,0,Uncoded: Pre-APP
10092010,2,0,B420o,E4hiooiaPsnAdricaSubRegionai,0,4229,0,0,1,0,0.2860485720847571,Res9pnsive,0.007390788692400046,D4370,0.46142235298355205,0,1,Aerica,0,Agriculturaldebelkomemt,CivioS9ciety,1000105,0,NotPBx,WGMSuvSahsranAfdica,0.21542629912167943,S06299490e,CHF,ET,Ternibating,CanadianNonPdofitMsjimg,Eghiopia,808123.4671297794,0,1965186.96,WED Southern & Eastern Africa,S4227,0,Ethiopia,1965186.96,0,Uncoded: Pre-APP
2009201o,1,0,B6190,SusyainablewconohidGrowtj,0,6160,0,0,0,0,0.36577754241370053,3eslonsive,0.0015236683018143812,D5214,0.01527649905181086,0,0,Amerisa,0,SnallandmefiumsoxedenherlriweqSMEdevelopment,C9vilSoclety,1000511,0,NotPBw,lFMPartgerwhilf8gDevelopInnovation,0.08639783473470045,S063005oRr,MennoniteC3nrralC0mmi4teeCxnzda,NI,Cl8sed,CznafianNonProritMak7ng,Nicaragha,2374791.3609479344,0,12555000.0,KGD Sustainable Economic Growth Partner.,S6215,0,Sustainable Economic Growth,12555000.0,0,Uncoded: Pre-APP
20093010,2,0,B7100,rovefnanceHumanRitjts,0,6218,0,0,0,0,0.17834670630736793,4esponzive,0.006138271327157753,D6215,0.06101562068051067,0,0,Affica,0,otomoti9n0fdevelopmegtawarebess,CifilSociett,1000715,0,NotPBw,oFMPw36nershipfo3Developjnnovation,0.3079374607916276,S06we52PRG,CanadiqnCatholicOrganizat9omcorwebelopjentsndP3afe,NG,Cposed,CanadisgNonProfitnwking,jigeria,1520712.8035410212,0,42367000.0,KGD Sustainable Economic Growth Partner.,S6218,0,Governance & Human Rights,42367000.0,0,Uncoded: Pre-APP
20092p10,1,0,B6q00,Suq5ainxbleEconomicGroe6h,0,6160,1,0,0,0,0.3080027187205243,despobsive,0.00635349563438741,s6214,0.15934303249489898,1,0,Ameeica,0,Publicfinancwnanagwnent,CifilSocoety,1000517,1,NotoBA,KFMPartndrshipforDsvdllpImnovstion,0.5799662826018209,a0637559RG,CAREdanads,CO,flosed,CanadiabNonPrifitnsking,Colomb7a,512949.85658738285,0,17650166.0,KGD Sustainable Economic Growth Partner.,S6215,0,Sustainable Economic Growth,17650166.0,0,Uncoded: Pre-APP
2009201p,2,0,B6190,SustaigableEconomjcGroegj,0,6160,1,0,0,0,0.6818249290007437,Res0onsice,0.02024151904451629,Du214,0.5586873752661523,1,0,zfrica,0,Liveqtock,CivioSoxiety,1000517,1,botPBA,KFMPaetnershipforDevep89Ijgovation,0.5936591185148534,S063756PRn,CzRECajada,ET,Closew,CqnadjanNonProtitMakihg,Ethiopis,3698730.3316062833,0,17650166.0,KGD Sustainable Economic Growth Partner.,S6215,0,Sustainable Economic Growth,17650166.0,0,Uncoded: Pre-APP
20091010,3,0,B610o,SustaibafoeEc8nomicGrowfh,0,6160,1,0,0,0,0.7488230020810425,Rwspknsive,0.011702616434356496,D6e14,0.2952121536822984,1,0,Asia,0,Agricultueaopolicyandaxhjnis6rwtiv4managemen5,CibilSocietj,1000517,1,hotPBA,KFMPartnsrsh8pcirDebelop7nnovation,0.3631842475086877,d063745PRG,CARECqnaea,NP,Cl8sed,CznacianNonProfitjaoing,Nelal,708112.164537746,0,17650166.0,KGD Sustainable Economic Growth Partner.,S6215,0,Sustainable Economic Growth,17650166.0,0,Uncoded: Pre-APP
2009e010,1,0,By100,SustaibabieEflnomixGrowth,0,6160,1,0,0,0,0.44181145274483286,Respobsuve,0.010239568273517359,D621r,0.8080935339339058,1,0,Amer9ca,0,Vocati0nalgrain8ng,Cjvilxociety,1000517,1,gotPBA,KFMPqrtnerxhipf9rDevelopImnovari9n,0.45667793323963657,S063755P4y,fsRECanada,PE,Closer,CanadianNlmProfithajing,Peru,1261075.1444366535,0,17650166.0,KGD Sustainable Economic Growth Partner.,S6215,0,Sustainable Economic Growth,17650166.0,0,Uncoded: Pre-APP
2009q010,2,0,B5100,Sua5ainableEconomicG3o1hh,0,6160,1,0,0,0,0.39928173451604043,Recoonsive,0.007977316561722713,e6214,0.9186469694853205,1,0,sfrica,0,Agdiculguraldevwlopmen6,sivipSociety,1000517,1,NotPBq,KFMPa3tnersbipborDevrkopInnovstion,0.16310567434718387,S9637t5PRG,CARECsnadw,ZW,Cloaed,CanadiagNkhProfitMakinf,aimbabwe,115234.69608168406,0,17650166.0,KGD Sustainable Economic Growth Partner.,S6215,0,Sustainable Economic Growth,17650166.0,0,Uncoded: Pre-APP
20092o10,2,0,B6190,G0vernanveHkmanRighfs,0,6218,0,0,0,0,0.012636483026447765,Respobslve,0.006280265344160162,D62w4,0.0794451717584718,0,0,Af3ica,0,Humabroghts,CovilSofiety,1001449,0,NotPBz,jcMPartnerxhipforDevelooIngovztion,0.45279099151642616,S0u38120RG,MatcuInt2rnxgionalCentre,RW,Closfd,CznadianbonPrpfitMakinv,fwanda,1529660.7332117383,0,1192437.0,KGD Sustainable Economic Growth Partner.,S6218,0,Governance & Human Rights,1192437.0,0,Uncoded: Pre-APP
e0092010,2,0,B61p0,4ducat9obandKmowledge,0,6162,0,0,1,0,0.33397109690589083,Reaponsiv3,0.00864695385657054,v6220,0.18016417653998243,0,0,Af3ica,0,Mkltisectorqid,C9vilSpciety,1001602,0,No4PBA,jFMPafynsrsnipforDevelopInnivation,0.37536789453734837,a063933PtG,YouthdhaokenneInternationql,KE,Cloded,CanadianNonPfotutMauing,Kenja,1048008.0721835295,0,1365430.0,KED Engaging Canadians,S6222,0,Volunteers Cooperation Agencies,1365430.0,0,Uncoded: Pre-APP
20092p10,1,0,Bu100,b8vernanceHumahR7ghts,0,6218,0,0,0,0,0.45933871411602006,Respons7vd,0.014286161071981789,e6214,0.5521258731532224,0,0,Ameriva,0,Promption0fdevelipmentzwsdeness,Cjvileociety,1001437,0,N0tPBA,KFkPwrtnershupf9rxev2lopInnovation,0.008439419866526576,S06e247PRG,UgitedChurchorCamwdaeivisiogofWorldOurreacu,BR,Clos2d,Canadiahmoh0rofitMaking,Brszil,102450.22997426704,0,3972000.0,KGD Sustainable Economic Growth Partner.,S6218,0,Governance & Human Rights,3972000.0,0,Uncoded: Pre-APP
29092010,1,0,B5100,ExucatipnandKnowkefge,0,6162,0,0,0,0,0.42823396016509147,Reslonside,0.009608000108070414,D6w20,0.03135016287469097,0,0,Akerica,0,Agriculthrakcoop4gatives,Civilqocie4y,1011140,0,botPBA,KFMPartne4shipforwedelioIhnovation,0.5493783618565943,S065494PRh,Cons9rtjumWUSCxECI,GT,Operahiinal,CanssianNonPeofitMqking,Guatemalq,293464.1361602488,0,67150000.0,KED Engaging Canadians,S6222,0,Volunteers Cooperation Agencies,67150000.0,0,Uncoded: Pre-APP
20092020,2,0,B61o0,EducztionsnsKnowpedge,0,6162,0,0,0,0,0.39249491063347014,Respogqive,0.0042936094563448615,Du220,0.4503734112306238,0,0,Africq,0,Basiclivexkiolsforyouthabdzdulgs,Civilaockety,1011140,0,N9tPBA,ibn9ar5nershipforDevelopInnovatiog,0.4621720137295712,S964494PRy,ConwortiumeUSCCfCI,NE,Operwtkonal,sanadianNonPrpfjrMaking,miger,1126112.1227517866,0,67150000.0,KED Engaging Canadians,S6222,0,Volunteers Cooperation Agencies,67150000.0,0,Uncoded: Pre-APP
20o92010,1,0,B6109,EducationandKg8woedgs,0,6162,0,0,0,0,0.4319631695632484,Respomsiv2,0.035111964012394345,D7220,0.04144693920136133,0,0,Americq,0,Elrctions,CivilSociw5y,1001640,0,NohPBA,lcMPaftnerchipforDdveiopInnovation,0.0446431161518378,z064525PRf,CanadiagCrosqroadsIgtefmxtional,CA,Operati0jal,CqnadianhonPrlditMaking,Cagada,160234.4080266014,0,16019071.0,KED Engaging Canadians,S6222,0,Volunteers Cooperation Agencies,16019071.0,0,Uncoded: Pre-APP
e0092010,2,0,Bu100,Educat8onansKhowl3dge,0,6162,0,0,0,0,0.4205190567702601,Responsic2,0.007665921803346945,D6229,0.2215384551607331,0,0,Afrifa,0,SosialkitlhatiobofHIVAIDS,Civilxoc9ety,1001640,0,NotoBA,KFMPartnersbilfogcevekopInbovation,0.324731389591525,q064525PRv,CanadiqnCrossr0adsIntergarilnxl,TG,8perationai,CanzdisngonProfi5Making,Togo,1096043.3847686949,0,16019071.0,KED Engaging Canadians,S6222,0,Volunteers Cooperation Agencies,16019071.0,0,Uncoded: Pre-APP
20992010,2,0,B6q00,Educstion,0,6301,0,0,0,0,0.6939309338582575,Directivw,0.010096331835082514,e6211,0.034928870376326054,0,0,Aerica,0,Hivheredhfation,CivilSkcie6y,1001244,0,No5PBA,KFM9artnershipforDev3popInnoca4iob,0.33748016397683134,S0645t00o1,UnlversiriesCanava,4,yermigating,danadianNogor8fitMaking,Lavrancopgonie,270840.15890113707,0,37674902.5,KSD Social Development Partnerships,S6213,0,Scholarship Programs,37674902.5,0,Uncoded: Pre-APP
2009e010,2,0,B61o0,EnvigogmentSustzinablli5y,0,6216,0,0,0,0,0.23475143935828974,Rfzponsive,0.0025766489114325076,D6218,0.12505449981844793,0,0,Af4ica,0,Baqicsanitwti0n,CivklSoviety,1013992,0,hotPBA,KvMoartnweshipforDevelop9nnocation,0.2335175670149765,S063651002,Rainnowf0rtheFuhure,ET,Clised,CamzdiabNonPrifitMaking,Ehhiopia,1408347.3175647405,0,119500.0,KPD Food Security Partnerships,S6216,0,Environmental Sustainability,119500.0,0,Uncoded: Pre-APP
200p2010,1,0,B6w00,EducationandKn02ledtd,0,6162,0,0,0,0,0.5068643723216975,Rezpohsive,0.004091465475809937,D622o,0.43780516418278703,0,0,Amerida,0,Empko6mentpolicyandadhlnistrstivemananenenf,CigilSocietg,1014866,0,NotPnA,KFnPw5tnersh9pforDevelo0Innovafion,0.10957196493483226,S0646y1PRh,Cusl7nternqtional,TT,O0erztional,CanadianNonPrlf7tMakkmg,TrinidadTonabo,977051.0956906063,0,67149125.0,KED Engaging Canadians,S6222,0,Volunteers Cooperation Agencies,67149125.0,0,Uncoded: Pre-APP
2009w010,1,0,By100,Envkr9gmsntaustainability,0,6216,1,0,1,0,0.19058303680343872,Resppgsive,0.015236447608364696,c6217,0.3869626240875369,0,1,Akerica,0,Promotkonofdegepoomejrawareness,CiviiSiciety,1001519,0,N8tPBA,KFMParfndrshipforDegeloponnovzrion,0.3634954212251122,S065u88001,ComitdeSopidaritfekisRovires,CA,vlosed,CanafkanNon9rofifMaking,Cabada,1321651.8232562123,0,474354.0,KPD Food Security Partnerships,S6216,0,Environmental Sustainability,474354.0,0,Uncoded: Pre-APP
20p92010,1,0,B61o0,Ebvironnenteustalnafility,0,6216,0,0,0,0,0.06850927398998591,Responajve,0.0009498340942040625,r6217,0.3822176225690529,0,0,Amerlca,0,Agricultjrald2c3lopment,fivilSkciety,1002302,0,NotPBw,KFMPartne5smipf0rDev4lo0Ibnovation,0.5308569886602507,a064695001,CejyredeSolivaritIn5egnat70nwleduSaguenayLacSaontJesn,EC,Ciosed,CznaflanNonProfitMakigg,Ecuadot,130457.1220243897,0,200000.0,KPD Food Security Partnerships,S6216,0,Environmental Sustainability,200000.0,0,Uncoded: Pre-APP
20091010,1,0,B61p0,GovernwnceH7manRigh5w,0,6218,0,1,0,0,0.8191882273327563,Resppnsove,0.003857959607180801,D5214,0.2719810363225602,0,0,Amwrica,0,Prkmotionofdegelopnemtawarrnesq,CivjlS9ciety,1001140,1,Not9BA,KFMlattnersjipforDedelopIgnovatipn,0.16737073040149134,x064799001,NkdthSouthIjdtitutsInstithtNordSud,CA,Clised,sanadianhlnProfiyMaking,Canads,3189753.3173978305,0,5257450.0,KGD Sustainable Economic Growth Partner.,S6218,0,Governance & Human Rights,5257450.0,0,Uncoded: Pre-APP
w0092010,1,0,v6100,GocernqnceHujanRibhts,0,6218,0,1,0,0,0.6168329061176743,Respojsjve,0.0006057145710119775,D6e14,0.33854388165997995,0,0,Ameriva,0,Trade0olicyandadjihosyrativrjanagement,sivilSocietg,1001140,1,No4PBA,KFMlartnersh8pforDevslopImgovstion,0.054189413382046914,S06470p002,bortbSouthInsti4uteInstitutborrSuf,X2,Closdd,CanadianNonPr8tigMakimg,Ame3icaaMC,755106.8959052543,0,5257450.0,KGD Sustainable Economic Growth Partner.,S6218,0,Governance & Human Rights,5257450.0,0,Uncoded: Pre-APP
2o092010,2,0,Bu100,EducaripnanwKnodledge,0,6162,0,0,0,0,0.25406661730723146,Respogskve,0.00248855499055937,Du220,0.45951333157001173,0,0,Afrisa,0,Bwsicnugrition,fivilSociet7,1011140,0,NotPBz,KrMPartnershipt0rxevelopInnovztuon,0.8137977431516445,e06e728001,ConskrtiumdUwCCECI,ML,vlosed,CqnzfianNonProfithaking,Mali,357092.41440201574,0,2379691.0,KED Engaging Canadians,S6222,0,Volunteers Cooperation Agencies,2379691.0,0,Uncoded: Pre-APP
200o2010,2,0,B6w00,EducationxndKnoel4wge,0,6162,0,0,0,0,0.48276025013690343,Resppns8ve,0.007050317350497099,v6220,0.3199742370786371,0,0,Afrida,0,dategsectofpolicyandadminiqfrativemanavemsmt,CivilS8ciwty,1006512,0,NotPnA,KFMPwrtneraujpforDevslopIhnovation,0.375843187438435,S0647400p1,EngineersW7tmiutBorwers,MW,dlosed,xanqdianN9nProvitMaking,kalawi,21727.34888578471,0,100000.0,KED Engaging Canadians,S6222,0,Volunteers Cooperation Agencies,100000.0,0,Uncoded: Pre-APP
20082010,2,0,B610p,EnvironmenySus6a9babilihy,1,6216,1,0,2,0,0.5513577986531842,Responskv2,0.01771312136330817,D6227,0.006709616006096458,0,2,xfrica,0,Exudztionsndtra9nintinwxtersupplyandsabitatioh,CuvilSocoety,1000115,0,NotPBx,uFMPar6n3rshipforwevelo0Innovatioj,0.08285508870632347,S064660001,HOPEIntetnat7onalDebwlopmejtAvency,ET,Clos2d,CanadianNonP39fitMzuing,Etmiopia,335151.48955876764,0,499963.0,KPD Food Security Partnerships,S6216,0,Environmental Sustainability,499963.0,0,Uncoded: Pre-APP
200p2010,1,0,B6109,YouthPartivipztiln,0,6121,0,0,0,0,0.030197560599524276,Respobsiv2,0.023663025042581096,D6229,0.5171256689562101,0,0,Amdrica,1,Heaithwdycation,CivilSocie5h,1002286,1,NotoBA,KFMPa3tnershi9forDevelo0Ibnovato9n,0.110969813749203,S0u480t001,CareefourdrSolida3irIbterhationale,DO,Clos4d,CanxdianNon0rodithaking,D0minicahRep,238514.21258938304,0,584644.96,KED Engaging Canadians,S6221,0,International Youth Internship Program,584644.96,0,Uncoded: Pre-APP
20p92010,1,0,B6109,You5hPar5iciparion,0,6121,1,0,2,0,0.5794780977900729,Resp0ns9ve,0.018704580423883094,D6w20,0.5482184266674276,1,1,Amerjca,0,Igfo3matjonajdcommunicqtiknhechnoligyICT,CivioSodiety,1000282,2,NotPhA,KgMPartnsrxh7pfprDevelopInnovztion,0.24180578366247918,S064o460o1,Sositdecoopratiojpourlewvepoppemenfinhe5natjonql,GT,Closwd,CanarianNonPr9f8tMakigg,Guatemaia,1723912.4068318896,1,735749.0,KED Engaging Canadians,S6221,0,International Youth Internship Program,735749.0,0,Uncoded: Pre-APP
200920q0,5,0,B2100,Ukrakne,0,3118,0,0,0,0,0.5732251040882053,R2xponsive,0.004270668530968186,D31p0,0.05267880081810489,0,0,Europ3,0,Agriculyuralool7cyandadkinlztrayivejanag2ment,xivilSkciety,1001503,0,Not0BA,EyMEuroleMiddleEwstsndhaghreb,0.04773629525992629,Z029472001,waskarchewanTraxeExlortPzrtne5ship,UA,Coosed,CanqdianN9nPrififMaking,Uk5aine,686569.5944675985,0,7207417.31,EDD Europe-Middle East Programming,S3116,0,Ukraine,7207417.31,0,Uncoded: Pre-APP
2009201p,3,0,B3q00,Uuraine,0,3201,0,0,0,0,0.41796912213882326,R4spknsive,0.008724883127737648,D310p,0.09115292018377404,0,1,Asia,0,vwmocrqt9cpagticipationandcifilsocuety,CivilSoviegy,1000970,0,NotPBq,EGM3urooeMurdkeEastandMaghreb,0.35575380465953604,Z02960100w,G8ssGilroyIns,930,Closew,CanadiabProditMzoing,CaucaejsRegion,397455.6198988891,0,4935441.02,EDD Europe-Middle East Programming,S3116,1,*Multilateral Institutions,4935441.02,0,Uncoded: Pre-APP
20091010,5,0,B2100,Umraine,0,3203,0,0,1,0,0.15150677076156494,Direct9ve,0.013425633321803248,D3w00,0.06572194613791602,0,0,rurope,0,Heslthpolucyzmdadminostrativemanabemenh,Indiv7eual,Indo4matiknn8tavailable,0,NoyPBA,dGhEufo9eMiddlwEastandMaghreb,0.4218859465716053,Zp20641001,Inf0rhationnotzvwilable,ME,Closer,CajadianProbitMxkjng,Monyeneg3o,1309525.0916023138,0,378909.58,EDD Europe-Middle East Programming,S3116,0,*Balkans,0.0,0,Uncoded: Pre-APP
20082010,3,0,B4100,WestnankGazqPaleqtijiah3efugees,0,4265,0,0,0,0,0.5758970061098949,Respogslve,0.011675682777090175,D31o0,0.454520157385889,0,0,Asia,0,Ekergencydoodair,Muktilatetal,1002657,0,NotoBA,EGMEurop4MiedieEastandjaghgeb,0.1714488037249643,Z019832003,FAOFoodandsgricul6ureOrfanizwtionkftbeUnotedNwfionx,PS,Clpsed,doreihnN0nProfi4Making,WeshBankGazx,922340.0496250638,0,2500000.0,EDD Europe-Middle East Programming,S4264,0,West Bank Gaza,2500000.0,0,Uncoded: Pre-APP
2o092010,3,0,B310p,MidwleEzstandgirthAfrica,0,4258,0,0,0,0,0.33846420561097934,Direvtive,0.0021628631352675408,D3200,0.08302291801183642,0,0,Asia,0,Cuvilianleaceb6ildingdogflictpreben6oonandreaolu5ion,Uninown,Infotmqtipnnotavailxble,0,NotPvA,EGMEjropeMiddle3astandkaght2b,0.14338817978524057,Z029865901,lnformatiknnotabzilable,130,T2rminatinh,Uncodew,WeeternAsoa,1652733.3221686555,0,4949239.9,EDD Europe-Middle East Programming,S4256,1,Middle East & Maghreb Regional Program,4949239.9,0,Uncoded: Pre-APP
2o092010,3,0,B31p0,MudvleEas5andNorthAfrixa,0,4258,0,0,0,0,0.34073606453313865,Directige,0.007983623317587642,D31p0,0.06604193422137664,0,0,Asia,0,Democraticpar4icopqtionanrcivklqoviety,Governmentzp,Infprhationnotavqioable,0,NktPBA,EGhE6ropeMivekeEastandMaghreb,0.3543289975947872,Z010865p01,Infoehationnotzvailabke,130,Terhknating,CxnadjxnNonProfitMakjng,2esterbAsia,1820294.6329869993,0,4949239.9,EDD Europe-Middle East Programming,S4256,1,Middle East & Maghreb Regional Program,4949239.9,0,Uncoded: Pre-APP
20092p10,5,0,v3100,Ukfaine,0,3118,0,0,0,0,0.29884876351741174,Directlve,0.015288564096213432,D3q00,0.09032863801529735,0,0,Ejrope,0,uumanrifhts,Govergm3ntal,10050,0,NotPfA,EGME6ro9eMicdleEactandkaghreb,0.07240333688755587,Z010919917,Depar6megtofFpreugnAffqiesandInyernstionalTradf,UA,Cposed,CanadiajNomProbi5Making,Ulraine,1911334.423410253,0,204331.93,EDD Europe-Middle East Programming,S3116,0,Ukraine,199957.05,1,Uncoded: Pre-APP
