Fiscal year,Project number,Status,Maximum CIDA contribution (project-level),Branch ID,Branch name,Division ID,Division name,Section ID,Section name,Regional program (marker),Fund centre ID,Fund centre name,Untied amount(Project-level budget),FSTC percent,IRTC percent,CFLI (marker),CIDA business delivery model (old),Programming process (new),Bilateral aid (international marker),PBA type,Enviromental sustainability (marker),Climate change adaptation (marker),Climate change mitigation (marker),Desertification (marker),Participatory development and good governance,Trade development (marker),Biodiversity (marker),Urban issues (marker),Children issues (marker),Youth issues (marker),Indigenous issues (marker),Disability issues (marker),ICT as a tool for development (marker),Knowledge for development (marker),Gender equality (marker),Organisation ID,Organisation name,Organisation type,Organisation class,Organisation sub-class,Continent ID,Continent name,Project Browser country ID,CountryRegion ID,CountryRegion name,CountryRegion percent,Sector ID,Sector name,Sector percent,Amount spent
2009/2010,A021599002,Terminating,7370400.11,B4200,WGM Sub-Saharan Africa,D4270,WED Southern & Eastern Africa,S4227,"Ethiopia, PanAfrica, SubRegional",1,4246,PanAfrica,7370400.11,1.0,0.0,0,Directive,Uncoded: Pre-APP,1,Not PBA,0,0,0,0,1,0,0,0,0,0,0,0,0,0,2,1004934,African Union,Foreign Non-Profit Making,Multilateral,OTHER MULTILATERAL,2,Africa,X1,X1,Africa MC,1.0,15150,Democratic participation and civil society,0.15,-4.5
2009/2010,A031269003,Closed,362250.33,B4200,WGM Sub-Saharan Africa,D4207,WWD West & Central Africa,S4287,Central Africa & Great Lakes Program,0,4302,Rwanda,362250.33,1.0,0.0,0,Directive,Uncoded: Pre-APP,1,Not PBA,0,0,0,0,1,0,0,0,1,1,0,0,0,0,0,Information not available,Information not available,Canadian Profit Making,Individual,CONSULTANT,2,Africa,RW,RW,Rwanda,1.0,15150,Democratic participation and civil society,0.15,3309.8475
2009/2010,A031442001,Closed,2553746.65,B4400,NGM Americas,D4400,NDD Americas Programming,S4413,South America,0,4416,Bolivia,2553746.65,1.0,0.0,0,Responsive,Uncoded: Pre-APP,1,Sectoral budget support,0,0,0,0,0,0,0,0,2,2,0,0,0,0,1,1012162,Ministerio de salud y deportes Ministry of Health and Sport,Foreign Non-Profit Making,Governmental,FEDERAL,1,America,BO,BO,Bolivia,1.0,12281,Health personnel development,0.25,100000.0
2009/2010,A031516001,Closed,10007816.15,B4100,OGM Asia Pacific,D4100,OAD Asia Programming,S4126,OAI Indonesia and SEA Regional,0,4127,Indonesia,10007816.15,1.0,0.0,0,Responsive,Uncoded: Pre-APP,1,Not PBA,0,0,0,0,1,0,0,0,0,0,0,0,0,0,2,10050,Department of Foreign Affairs and International Trade,Canadian Non-Profit Making,Governmental,FEDERAL,3,Asia,ID,ID,Indonesia,1.0,15150,Democratic participation and civil society,0.2,1167.01
2009/2010,A031544001,Closed,18475683.33,B4200,WGM Sub-Saharan Africa,D4207,WWD West & Central Africa,S4249,Gulf of Guinea Program,1,4310,Central & West Africa Regional Program,18475683.33,1.0,0.0,0,Responsive,Uncoded: Pre-APP,1,Not PBA,0,0,0,0,0,0,0,0,0,0,0,0,0,0,2,1000647,C�RAC Inc.,Canadian Profit Making,Civil Society,CONSULTING SERVICES,2,Africa,GN,80,Western Africa,0.2075,12220,Basic health care,0.25,1783.2607059999998
2009/2010,A031651002,Terminating,241454.25,B4200,WGM Sub-Saharan Africa,D4270,WED Southern & Eastern Africa,S4271,Mozambique Program,0,4280,Malawi,241454.25,1.0,0.0,0,Directive,Uncoded: Pre-APP,1,Not PBA,0,0,0,0,1,0,0,0,0,0,0,0,0,0,2,1002791,Malawi Program Support Unit,Canadian Non-Profit Making,Governmental,FEDERAL,2,Africa,MW,MW,Malawi,1.0,15150,Democratic participation and civil society,0.15,7740.0
2009/2010,A031717001,Terminating,2862894.73,B4400,NGM Americas,D4400,NDD Americas Programming,S4450,Cuba,0,4450,Cuba,2862894.73,0.7999999990000001,0.0,0,Directive,Uncoded: Pre-APP,1,Not PBA,1,0,0,0,1,0,0,0,0,0,0,0,1,0,0,1000948,D�M�NAGEMENT OUTAOUAIS INC.,Canadian Profit Making,Civil Society,SUPPLIER OF GOODS/SERVICES,1,America,CU,CU,Cuba,1.0,53030,Import support (capital goods),0.2,424.8
2009/2010,A032110001,Closed,16443731.24,B4400,NGM Americas,D4400,NDD Americas Programming,S4403,Central Americas Section,0,4410,Nicaragua,16443731.24,0.0,0.0,0,Core Funding,Uncoded: Pre-APP,1,Sectoral budget support,1,0,0,0,1,0,0,0,1,1,0,1,0,0,2,1012455,Government of Nicaragua - Ministry of Education,Foreign Non-Profit Making,Governmental,FEDERAL,1,America,NI,NI,Nicaragua,1.0,11120,Education facilities and training,0.2,552288.0
2009/2010,A032121004,Closed,100000.0,B4200,WGM Sub-Saharan Africa,D4207,WWD West & Central Africa,S4233,Senegal Program,0,4238,Senegal,0.0,1.0,0.0,0,Responsive,Uncoded: Pre-APP,1,Not PBA,0,0,0,0,1,0,0,0,2,1,0,0,0,0,0,1001306,World Bank,Foreign Non-Profit Making,Multilateral,IFI,2,Africa,SN,SN,Senegal,1.0,11110,Education policy and administrative management,0.9,90000.0
2009/2010,A032162001,Operational,15300000.0,B4200,WGM Sub-Saharan Africa,D4270,WED Southern & Eastern Africa,S4227,"Ethiopia, PanAfrica, SubRegional",1,4246,PanAfrica,15300000.0,0.45,0.0,0,Responsive,Uncoded: Pre-APP,1,Not PBA,0,0,0,0,0,0,0,0,0,0,0,0,0,0,2,1003893,INTERNATIONAL CENTRE TROPICAL AGRICULTURE,Foreign Non-Profit Making,Multilateral,REGIONAL ORGANIZATION,2,Africa,SZ,120,Southern Africa,0.0357,31161,Food crop production,0.1,8455.15587
2009/2010,A032178001,Terminating,4500000.0,B4200,WGM Sub-Saharan Africa,D4207,WWD West & Central Africa,S4253,Ghana Program Section,0,4254,Ghana,4500000.0,1.0,0.0,0,Directive,Uncoded: Pre-APP,1,Not PBA,1,0,0,0,2,0,0,0,0,0,0,0,0,0,1,1000948,D�M�NAGEMENT OUTAOUAIS INC.,Canadian Profit Making,Civil Society,SUPPLIER OF GOODS/SERVICES,2,Africa,GH,GH,Ghana,1.0,14010,Water sector policy and administrative management,0.2,792.0
2009/2010,A032225001,Closed,5711809.0,B4200,WGM Sub-Saharan Africa,D4207,WWD West & Central Africa,S4249,Gulf of Guinea Program,1,4310,Central & West Africa Regional Program,5711809.0,1.0,0.0,0,Responsive,Uncoded: Pre-APP,1,Not PBA,0,0,0,0,0,0,0,0,0,0,0,0,0,0,2,1001153,Comit� Permanent Inter-Etats de lutte contre la S�cheresse dans le,Foreign Non-Profit Making,Multilateral,REGIONAL ORGANIZATION,2,Africa,NE,940,Sahel Region,0.0556,31130,Agricultural land resources,0.25,19710.75016
2009/2010,A032226001,Closed,3867664.46,B4200,WGM Sub-Saharan Africa,D4207,WWD West & Central Africa,S4249,Gulf of Guinea Program,1,4310,Central & West Africa Regional Program,3867664.46,1.0,0.0,0,Responsive,Uncoded: Pre-APP,1,Other PBA,0,0,0,0,1,0,0,1,0,0,0,0,0,0,0,1003347,Partenariat pour le D�veloppement Municipal,Foreign Non-Profit Making,Civil Society,NGO,2,Africa,SN,80,Western Africa,0.1,43030,Urban development and management,0.2,7889.346
2009/2010,A032226001,Closed,3867664.46,B4200,WGM Sub-Saharan Africa,D4207,WWD West & Central Africa,S4249,Gulf of Guinea Program,1,4310,Central & West Africa Regional Program,3867664.46,1.0,0.0,0,Responsive,Uncoded: Pre-APP,1,Other PBA,0,0,0,0,1,0,0,1,0,0,0,0,0,0,0,Information not available,Information not available,Canadian Profit Making,Individual,CONSULTANT,2,Africa,CG,90,Middle Africa,0.05,43030,Urban development and management,0.2,172.5466
2009/2010,A032229002,Closed,24100562.0,B4200,WGM Sub-Saharan Africa,D4270,WED Southern & Eastern Africa,S4281,"AHSI, Extractives, Special Initiatives",1,4315,Canada Fund for Africa Secretariat,24100562.0,1.0,0.0,0,Responsive,Uncoded: Pre-APP,1,Not PBA,1,0,0,0,0,0,0,0,0,0,0,0,0,0,2,1009855,International Livestock Research Institute,Foreign Non-Profit Making,Multilateral,OTHER MULTILATERAL,2,Africa,DJ,110,Eastern Africa,0.0353,31120,Agricultural development,0.1,15355.5
2009/2010,A032265001,Closed,1311041.55,B4100,OGM Asia Pacific,D4100,OAD Asia Programming,S4122,Bangladesh Section,0,4122,Bangladesh,1311041.55,0.850000002,0.0,0,Responsive,Uncoded: Pre-APP,1,Pooled funding,0,0,0,0,0,0,0,0,0,0,0,0,0,0,2,10050,Department of Foreign Affairs and International Trade,Canadian Non-Profit Making,Governmental,FEDERAL,3,Asia,BD,BD,Bangladesh,1.0,12191,Medical services,0.5,72385.145
2009/2010,A032281001,Operational,15708000.0,B4400,NGM Americas,D4400,NDD Americas Programming,S4429,Caricom - Adm,1,4434,Caribbean Region,15708000.0,0.75,0.0,0,Responsive,Uncoded: Pre-APP,1,Not PBA,0,0,0,0,1,0,0,0,0,0,0,0,0,0,0,1012946,Keith Ogilvie & Associates,Canadian Profit Making,Civil Society,CONSULTING SERVICES,1,America,BZ,30,Central America,0.0568,33130,Regional trade agreements (RTAs),0.5,623.781008
2009/2010,A032281001,Operational,15708000.0,B4400,NGM Americas,D4400,NDD Americas Programming,S4429,Caricom - Adm,1,4434,Caribbean Region,15708000.0,0.75,0.0,0,Responsive,Uncoded: Pre-APP,1,Not PBA,0,0,0,0,1,0,0,0,0,0,0,0,0,0,0,1001172,Caribbean Community Secretariat,Foreign Non-Profit Making,Multilateral,REGIONAL ORGANIZATION,1,America,AG,40,Caribbean,0.0752,33130,Regional trade agreements (RTAs),0.5,41156.396
2009/2010,A032441001,Closed,511902.27,B4100,OGM Asia Pacific,D4100,OAD Asia Programming,S4126,OAI Indonesia and SEA Regional,0,4127,Indonesia,511902.27,1.0,0.0,0,Directive,Uncoded: Pre-APP,1,Not PBA,0,0,0,0,1,0,0,0,0,0,0,0,0,0,2,Information not available,Information not available,Uncoded,Unknown,Unknown,3,Asia,ID,ID,Indonesia,1.0,25010,Business support services and institutions,0.2,648.056
2009/2010,A032580001,Closed,1959125.65,B3100,"EGM Europe, Middle East and Maghreb",D3100,EDD Europe-Middle East Programming,S4256,Middle East and North Africa,0,4320,Iraq Programs,0.0,1.0,0.0,0,Directive,Uncoded: Pre-APP,1,Not PBA,0,0,0,0,0,0,0,0,0,0,0,0,0,0,2,1001245,World University Service of Canada,Canadian Non-Profit Making,Civil Society,VOLUNTEER SENDING AGENCY,3,Asia,IQ,IQ,Iraq,1.0,15110,Public sector policy and administrative management,1.0,110770.83
2009/2010,A032747001,Closed,24611099.44,B4200,WGM Sub-Saharan Africa,D4207,WWD West & Central Africa,S4249,Gulf of Guinea Program,0,4214,Burkina Faso,24611099.44,0.0,0.0,0,Core Funding,Uncoded: Pre-APP,1,Pooled funding,0,0,0,0,1,0,0,0,1,0,0,0,0,0,2,Information not available,Information not available,Canadian Profit Making,Individual,CONSULTANT,2,Africa,BF,BF,Burkina-Faso,1.0,11120,Education facilities and training,0.1,4305.704000000001
2009/2010,A032992001,Terminating,4396277.36,B4200,WGM Sub-Saharan Africa,D4207,WWD West & Central Africa,S4215,Mali Program Section,0,4216,Mali,4396277.36,1.0,0.0,0,Directive,Uncoded: Pre-APP,1,Other PBA,0,0,0,0,0,0,0,0,0,0,0,0,0,0,2,1005403,Minist�re de l'�conomie et des Finances R�publique du Mali,Foreign Non-Profit Making,Governmental,FEDERAL,2,Africa,ML,ML,Mali,1.0,15150,Democratic participation and civil society,0.2,300000.0
2009/2010,A033068001,Operational,4999600.0,B4400,NGM Americas,D4400,NDD Americas Programming,S4449,Ha�ti & Dominican Republic Section,0,4452,Haiti,4999600.0,1.0,0.0,0,Responsive,Uncoded: Pre-APP,1,Not PBA,0,0,0,0,1,0,0,0,0,0,0,0,0,0,0,1000911,�cole Nationale d'administration Publique,Canadian Non-Profit Making,Civil Society,COLLEGE,1,America,HT,HT,Haiti,1.0,15110,Public sector policy and administrative management,0.75,421595.25
2009/2010,A033100001,Closed,471226.83,B4200,WGM Sub-Saharan Africa,D4270,WED Southern & Eastern Africa,S4227,"Ethiopia, PanAfrica, SubRegional",1,4246,PanAfrica,471226.83,1.0,0.0,0,Directive,Uncoded: Pre-APP,1,Not PBA,0,0,0,0,1,1,0,0,1,1,0,0,0,1,3,1013697,Consortium FIT with CECI,Canadian Non-Profit Making,Civil Society,NGO,2,Africa,X1,X1,Africa MC,1.0,15110,Public sector policy and administrative management,1.0,67004.43
2009/2010,A033112002,Closed,25224.56,B4200,WGM Sub-Saharan Africa,D4207,WWD West & Central Africa,S4249,Gulf of Guinea Program,1,4310,Central & West Africa Regional Program,25224.56,1.0,0.0,0,Directive,Uncoded: Pre-APP,1,Not PBA,0,0,0,0,1,0,0,0,1,0,0,0,0,0,1,1000772,MOSAIC.NET INTERNATIONAL INC.,Canadian Profit Making,Civil Society,CONSULTING SERVICES,2,Africa,X1,X1,Africa MC,1.0,11220,Primary education,0.25,6306.14
2009/2010,A033256PRE,Closed,389705.75,B4400,NGM Americas,D4400,NDD Americas Programming,S4429,Caricom - Adm,1,4434,Caribbean Region,389705.75,0.0,0.0,0,Directive,Uncoded: Pre-APP,1,Not PBA,1,0,0,0,1,0,0,0,0,1,1,0,0,0,1,10050,Department of Foreign Affairs and International Trade,Canadian Non-Profit Making,Governmental,FEDERAL,1,America,TT,40,Caribbean,0.0667,15151,Elections,0.1,50.025
2009/2010,A033585001,Closed,7294221.36,B4200,WGM Sub-Saharan Africa,D4270,WED Southern & Eastern Africa,S4227,"Ethiopia, PanAfrica, SubRegional",1,4272,Southern&Eastern Africa SubRegional Prog,7294221.36,1.0,0.0,0,Responsive,Uncoded: Pre-APP,1,Not PBA,0,0,0,0,0,0,0,0,1,1,0,0,0,1,1,1014883,Southern African AIDS Trust,Foreign Non-Profit Making,Civil Society,NGO,2,Africa,AO,120,Southern Africa,0.0625,13040,STD control including HIV/AIDS,0.8,76978.5815
2009/2010,A033675001,Operational,6146925.0,B4200,WGM Sub-Saharan Africa,D4207,WWD West & Central Africa,S4233,Senegal Program,0,4238,Senegal,6146925.0,1.0,0.0,0,Responsive,Uncoded: Pre-APP,1,Not PBA,1,0,0,0,1,0,0,0,0,0,0,0,0,0,0,30410,Natural Resources Canada,Canadian Non-Profit Making,Governmental,FEDERAL,2,Africa,SN,SN,Senegal,1.0,41010,Environmental policy and administrative management,0.2,11600.0
2009/2010,A033873001,Operational,2950000.0,B4200,WGM Sub-Saharan Africa,D4270,WED Southern & Eastern Africa,S4227,"Ethiopia, PanAfrica, SubRegional",1,4246,PanAfrica,2950000.0,1.0,0.0,0,Responsive,Uncoded: Pre-APP,1,Not PBA,0,0,0,0,1,0,0,0,0,0,0,0,0,0,2,1014170,A.C.O.R.D. Agency for Co-operation and Research in Development,Foreign Non-Profit Making,Civil Society,INTERNATIONAL NGO,2,Africa,ML,80,Western Africa,0.125,31110,Agricultural policy and administrative management,0.4,32089.05
2009/2010,A033932001,Closed,1200000.0,B6100,KFM Partnership for Develop. Innovation,D6214,KGD Sustainable Economic Growth Partner.,S6219,Public Institutions & Elections,0,6219,Public Institutions & Elections,1200000.0,1.0,0.0,0,Responsive,Uncoded: Pre-APP,1,Not PBA,0,0,0,0,1,0,0,0,0,0,1,0,0,0,2,1008171,Inter-Parliamentary Union,Foreign Non-Profit Making,Civil Society,ASSOCIATIONS,3,Asia,X3,X3,Asia MC,0.3,15152,Legislatures and political parties,0.75,90000.0
2009/2010,A033975001,Terminating,10000000.0,B4200,WGM Sub-Saharan Africa,D4270,WED Southern & Eastern Africa,S4227,"Ethiopia, PanAfrica, SubRegional",1,4246,PanAfrica,10000000.0,0.0,0.0,0,Core Funding,Uncoded: Pre-APP,1,Pooled funding,0,0,0,0,0,0,0,0,0,0,0,0,0,0,2,1001306,World Bank,Foreign Non-Profit Making,Multilateral,IFI,2,Africa,KE,2,Africa,0.0189,31182,Agricultural research,0.5,28350.0
2009/2010,A033975001,Terminating,10000000.0,B4200,WGM Sub-Saharan Africa,D4270,WED Southern & Eastern Africa,S4227,"Ethiopia, PanAfrica, SubRegional",1,4246,PanAfrica,10000000.0,0.0,0.0,0,Core Funding,Uncoded: Pre-APP,1,Pooled funding,0,0,0,0,0,0,0,0,0,0,0,0,0,0,2,1001306,World Bank,Foreign Non-Profit Making,Multilateral,IFI,2,Africa,SD,2,Africa,0.0189,31182,Agricultural research,0.5,28350.0
2009/2010,A033980001,Closed,3000000.0,B4200,WGM Sub-Saharan Africa,D4270,WED Southern & Eastern Africa,S4232,South Sudan Program,0,4232,South Sudan,3000000.0,0.7,0.0,0,Responsive,Uncoded: Pre-APP,1,Not PBA,0,0,0,0,0,0,0,0,0,0,0,0,0,0,0,1000105,CHF,Canadian Non-Profit Making,Civil Society,NGO,2,Africa,SS,SS,South Sudan,1.0,43010,Multisector aid,0.3,260147.4
2009/2010,A034014PRE,Operational,437113.15,B4400,NGM Americas,D4400,NDD Americas Programming,S4413,South America,0,4416,Bolivia,437113.15,1.0,0.0,0,Directive,Uncoded: Pre-APP,1,Not PBA,0,0,0,0,1,0,0,0,0,0,1,0,0,0,3,1013670,Ingenieros y Arquitectos Asociados La Paz Ltd.,Foreign Non-Profit Making,Civil Society,ASSOCIATIONS,1,America,BO,BO,Bolivia,1.0,15150,Democratic participation and civil society,0.4,14505.968
2009/2010,A034101001,Operational,3462392.81,B4200,WGM Sub-Saharan Africa,D4207,WWD West & Central Africa,S4249,Gulf of Guinea Program,0,4214,Burkina Faso,3462392.81,0.0,0.0,0,Core Funding,Uncoded: Pre-APP,1,Pooled funding,0,0,0,0,1,0,0,0,0,0,0,0,0,0,1,10050,Department of Foreign Affairs and International Trade,Canadian Non-Profit Making,Governmental,FEDERAL,2,Africa,BF,BF,Burkina-Faso,1.0,24030,Formal sector financial intermediaries,0.3,525.573
2009/2010,A034271001,Closed,7500000.0,B4200,WGM Sub-Saharan Africa,D4270,WED Southern & Eastern Africa,S4271,Mozambique Program,0,4274,Mozambique,7500000.0,0.0,0.0,0,Core Funding,Uncoded: Pre-APP,1,Pooled funding,0,0,0,0,0,0,0,0,0,0,0,0,0,0,1,1009673,Governo da Republica de Mo�ambique - Min. des Finan�as,Foreign Non-Profit Making,Governmental,FEDERAL,2,Africa,MZ,MZ,Mozambique,1.0,16062,Statistical capacity building,0.8,600000.0
2009/2010,A034280001,Terminating,2677263.0,B4400,NGM Americas,D4400,NDD Americas Programming,S4400,Americas Section,1,4404,Inter American,2677263.0,1.0,0.0,0,Responsive,Uncoded: Pre-APP,1,Not PBA,0,0,0,0,1,0,0,0,0,0,0,0,0,2,2,1000852,Parliamentary Centre,Canadian Non-Profit Making,Civil Society,SPECIALIZED INSTITUTE,1,America,X2,X2,Americas MC,1.0,15152,Legislatures and political parties,1.0,276747.0
2009/2010,A034575001,Closed,4110288.0,B4200,WGM Sub-Saharan Africa,D4270,WED Southern & Eastern Africa,S4232,South Sudan Program,0,4232,South Sudan,4110288.0,1.0,0.0,0,Responsive,Uncoded: Pre-APP,1,Not PBA,1,0,0,0,0,0,0,0,1,1,0,0,0,0,2,1000517,CARE Canada,Canadian Non-Profit Making,Civil Society,NGO,2,Africa,SS,SS,South Sudan,1.0,24081,Education/training in banking and financial services,0.05,60056.55
2009/2010,A034575001,Closed,4110288.0,B4200,WGM Sub-Saharan Africa,D4270,WED Southern & Eastern Africa,S4232,South Sudan Program,0,4232,South Sudan,4110288.0,1.0,0.0,0,Responsive,Uncoded: Pre-APP,1,Not PBA,1,0,0,0,0,0,0,0,1,1,0,0,0,0,2,1000517,CARE Canada,Canadian Non-Profit Making,Civil Society,NGO,2,Africa,SS,SS,South Sudan,1.0,31181,Agricultural education/training,0.1,120113.1
2009/2010,K061408001,Closed,535500.0,B6100,KFM Partnership for Develop. Innovation,D6201,*Private Sector Directorate,S6202,*Asia Division,0,6202,*Asia & Middle East,0.0,1.0,0.0,0,Responsive,Uncoded: Pre-APP,1,Not PBA,0,0,0,0,0,0,0,0,0,0,0,0,0,0,0,1000880,Hydrosult Inc.,Canadian Profit Making,Civil Society,CONSULTING SERVICES,3,Asia,YE,YE,Yemen,1.0,14021,Water supply - large systems,0.5,191500.0
2009/2010,M010431001,Closed,122090000.0,B5100,MFM Global Issues and Development,D5280,MSD Food Security and Environment,S1078,MSS Environment,0,5456,IFI - Environment - CORE,0.0,0.0,0.0,0,Core Funding,Uncoded: Pre-APP,0,Not PBA,1,2,2,2,0,0,2,0,0,0,0,0,0,0,0,1002416,GEF - Global Environment Facility,Foreign Non-Profit Making,Multilateral,OTHER MULTILATERAL,3,Asia,BD,BD,Bangladesh,0.0353,41020,Biosphere protection,0.33,92434.815
2009/2010,M010431001,Closed,122090000.0,B5100,MFM Global Issues and Development,D5280,MSD Food Security and Environment,S1078,MSS Environment,0,5456,IFI - Environment - CORE,0.0,0.0,0.0,0,Core Funding,Uncoded: Pre-APP,0,Not PBA,1,2,2,2,0,0,2,0,0,0,0,0,0,0,0,1002416,GEF - Global Environment Facility,Foreign Non-Profit Making,Multilateral,OTHER MULTILATERAL,3,Asia,LA,LA,"Lao, Dem. Rep.",0.0012,41040,Site preservation,0.33,3142.26
2009/2010,M012024001,Closed,2941275.0,B5100,MFM Global Issues and Development,D5240,MND Health&Nutrition,S5250,MNC MNCH & Nutrition,0,5252,MNCHN - INIT,0.0,1.0,0.0,0,Responsive,Uncoded: Pre-APP,1,Not PBA,0,0,0,0,0,0,0,0,0,0,0,0,0,0,0,1008910,International Rescue Committee,Foreign Non-Profit Making,Civil Society,INTERNATIONAL NGO,2,Africa,SL,SL,Sierra Leone,0.35,12262,Malaria control,0.3,15750.0
2009/2010,M012133001,Closed,3694500.0,B5100,MFM Global Issues and Development,D5440,MGD Social Development,S5446,"UN, Commonwealth & Francophonie-Core",0,5296,Francophonie Organization - Init,3694500.0,0.5,0.0,0,Responsive,Uncoded: Pre-APP,1,Not PBA,0,0,0,0,0,0,0,0,0,0,0,0,0,0,0,1000760,CONFEJES - Conf�rence des Ministres de la Jeunesse et des Sports,Foreign Non-Profit Making,Multilateral,OTHER MULTILATERAL,1,America,X2,X2,Americas MC,0.0588,25010,Business support services and institutions,0.0204,89.964
2009/2010,M012133001,Closed,3694500.0,B5100,MFM Global Issues and Development,D5440,MGD Social Development,S5446,"UN, Commonwealth & Francophonie-Core",0,5296,Francophonie Organization - Init,3694500.0,0.5,0.0,0,Responsive,Uncoded: Pre-APP,1,Not PBA,0,0,0,0,0,0,0,0,0,0,0,0,0,0,0,1010802,OIF - Organisation internationale de la Francophonie,Foreign Non-Profit Making,Multilateral,OTHER MULTILATERAL,1,America,X2,X2,Americas MC,0.0588,41010,Environmental policy and administrative management,0.0277,407.19
2009/2010,M012133001,Closed,3694500.0,B5100,MFM Global Issues and Development,D5440,MGD Social Development,S5446,"UN, Commonwealth & Francophonie-Core",0,5296,Francophonie Organization - Init,3694500.0,0.5,0.0,0,Responsive,Uncoded: Pre-APP,1,Not PBA,0,0,0,0,0,0,0,0,0,0,0,0,0,0,0,1000760,CONFEJES - Conf�rence des Ministres de la Jeunesse et des Sports,Foreign Non-Profit Making,Multilateral,OTHER MULTILATERAL,1,America,X2,X2,Americas MC,0.0588,99810,Sectors not specified,0.2135,941.535
2009/2010,M012500001,Terminating,1150000.0,B5100,MFM Global Issues and Development,D5430,MED Economic Development,S5434,MEF ECONOMIC GROWTH AND IFIs,0,5280,ECONOMIC GROWTH - INIT,1150000.0,1.0,0.0,0,Responsive,Uncoded: Pre-APP,1,Not PBA,0,0,0,0,0,0,0,0,0,0,0,0,0,0,0,1001306,World Bank,Foreign Non-Profit Making,Multilateral,IFI,1,America,TC,1,America,0.0057,15113,Anti-corruption organisations and institutions,0.7,399.0
2009/2010,M012500001,Terminating,1150000.0,B5100,MFM Global Issues and Development,D5430,MED Economic Development,S5434,MEF ECONOMIC GROWTH AND IFIs,0,5280,ECONOMIC GROWTH - INIT,1150000.0,1.0,0.0,0,Responsive,Uncoded: Pre-APP,1,Not PBA,0,0,0,0,0,0,0,0,0,0,0,0,0,0,0,1001306,World Bank,Foreign Non-Profit Making,Multilateral,IFI,3,Asia,BD,3,Asia,0.0074,15113,Anti-corruption organisations and institutions,0.7,518.0
2009/2010,M012955001,Closed,20000000.0,B5100,MFM Global Issues and Development,D5240,MND Health&Nutrition,S5250,MNC MNCH & Nutrition,0,5252,MNCHN - INIT,20000000.0,1.0,0.0,0,Responsive,Uncoded: Pre-APP,1,Not PBA,0,0,0,0,0,0,0,0,0,0,0,0,0,0,0,1014863,Malaria Consortium,Foreign Non-Profit Making,Civil Society,NGO,2,Africa,BI,2,Africa,0.0189,12281,Health personnel development,0.2,22680.0
2009/2010,M013099001,Closed,70340000.0,B5100,MFM Global Issues and Development,D5430,MED Economic Development,S5434,MEF ECONOMIC GROWTH AND IFIs,0,5438,Caribbean Development Bank-Core,70340000.0,0.0,0.0,0,Core Funding,Uncoded: Pre-APP,0,Not PBA,0,1,1,0,1,1,0,0,1,1,0,0,0,0,1,1002420,CDB - Caribbean Development Bank,Foreign Non-Profit Making,Multilateral,IFI,1,America,HT,40,Caribbean,0.0833,31120,Agricultural development,0.1,146483.05
2009/2010,M013118001,Closed,48750.0,B5100,MFM Global Issues and Development,D5301,MHDInternational Humanitarian Assistance,S5330,MHO Huma Organization & Food Assistance,0,5230,MHO Inst Strengtherning,48750.0,0.0,0.0,0,Responsive,Uncoded: Pre-APP,1,Not PBA,0,0,0,0,0,0,0,0,0,0,0,0,0,2,0,1007138,ALNAP (Overseas Development Inst),Foreign Profit Making,Civil Society,SPECIALIZED INSTITUTE,5,Europe,X4,X4,Europe MC,0.05,72050,Relief co-ordination; protection and support services,1.0,2437.5
2009/2010,M013120001,Closed,5400000.0,B5100,MFM Global Issues and Development,D5240,MND Health&Nutrition,S5245,MNG Global Health,0,5246,Global Health - CORE,5400000.0,0.0,0.0,0,Core Funding,Uncoded: Pre-APP,0,Not PBA,0,0,0,0,0,0,0,0,0,0,0,0,0,0,1,1005158,UNAIDS - United Nations AIDS,Foreign Non-Profit Making,Multilateral,UNITED NATIONS,3,Asia,ID,3,Asia,0.0088,13040,STD control including HIV/AIDS,1.0,47520.0
2009w010,M02r173001,Twrmimating,20787810.12932399,B5q00,MFMGlobqlIssuecancDecelopnent,D5w01,kHDInternaykonslHumanitariagAssistajc4,x5330,MHOgumsOrganizxtiojFokdAssis5ance,0,5311,kHOhonFoodCORE,1525815.7287515812,0.433332644807219,0.011659672659236823,0,C9reFundlng,UjcodedPreA9P,1,NitPBA,0,0,0,0,0,0,0,0,0,0,0,0,0,0,1,1014663,IC5CAp9eaosviaCRCS,CanadianNogProgitjakijg,CivilS8cidty,INTEgNAyIONqLNGO,3,Asia,X3,X3,AsjaMC,0.5720311893026906,72010,Materiaoreliffass9srahc2andserfices,0.47262188336147803,641639.0821995329
2009201o,M0w31850p1,Oo4rational,14675037.12644041,Bt100,MFMGpobalIes6esandDevelopjen4,f5430,MEDEcon0m9cDevelopksnt,S4460,Brfttond8odsInstFinPrig,0,5461,WorldBamoGroup,8673960.467450272,0.48289371724435615,0.004776725142172224,0,Rdspondive,UncodedPewAPP,1,Not9BA,1,0,0,0,0,1,0,0,0,0,0,0,0,0,1,1001306,Worldvank,Foreigmh0nProfitMsking,Mulhilatdral,IFI,3,Asia,KG,KG,Kyrbyzctan,0.81131214932861,31182,Africuotugalresdarch,0.8771340501649647,401797.1407964183
2009201p,M0131u5091,O0erqtional,22353264.259910643,B5190,MFjblobalIss8ecandrevelopment,D5439,MsDEcobomicDevel8pmen5,S54y0,BrettogWooesIgstFinPrkg,0,5461,WotldBamkGroup,20779742.58846455,1.4670299115692482,0.00845749518076178,0,Res0onsiv3,Uncod4dPreAoP,1,Not0BA,1,0,0,0,0,1,0,0,0,0,0,0,0,0,1,1001306,WogldBank,ForeighmonProeitnaking,h6ltilateral,IFI,3,Asia,NP,NP,Nepwl,0.6250690102177825,31166,Ang7culturaledtension,0.5769871126319817,232436.53724206224
200920q0,M0w3185001,Termihatibg,11626269.086235434,B51p0,MgMGlpbalIseu4sajdDevelopment,v5430,MwwdconomicDevelopjent,S107o,MrSNsTURALRESOURsEqGOfERNANCE,0,5282,Nx67ralReeourcesGovermanceINjT,41662039.40771732,0.24657303506953676,0.003045235132706388,0,Respomsice,UgcodrdPreAPP,1,NotPhA,1,0,0,1,0,1,0,0,0,0,0,0,0,0,2,1001306,WorpdBank,Fore9gnNohPrifi4Making,Multipaterxl,IFI,2,Afr8ca,ET,ET,Etbiopia,0.32510514333296286,31166,sgr9cylturalexhension,0.0777122342492827,205561.09932750033
30092010,M9132r4001,Terninwting,4764222.611696895,B5109,kFMylobalIsduecandDeveiopment,D5500,MIDkjtdrnatlonalOrtanizations,S56o2,MkOUgitedNationw,0,5291,UNCkRE,37886974.26996928,0.2568419548077374,0.002818631236847622,0,C9reFunfing,UncodssPreAPP,0,NotPfA,2,0,0,2,0,0,1,0,0,0,0,0,0,1,0,1001295,UnitedNatiohsConventi8mfiCombatDesegtibicatj9n,goreignNonProf85Maoing,Multiisteral,UNITEDNwTIONc,3,Asia,X3,X3,AziaMC,0.1384999780625169,41030,Biodiversi4t,0.17593670987578988,439459.90379197535
20092020,Mp1w275001,Closdd,42197298.518166244,B5190,MFMGoobalIssuesamdDebeloom3nt,w5600,MIDln4ernati0nalirganozations,S5691,MILCommonw2althFranfophomieAftqirx,0,5293,CommomwealghFrancophonjwCpRE,33821697.2173568,0.4055792386471157,0.0046548545030244285,0,Cl5eFunding,8ncodedPresPP,0,NotPBs,1,1,1,0,1,1,0,0,0,1,0,0,0,0,2,1001627,fFTCComnonwealthFunde0rT4chnicalCooperzyipn,ForfignbonProfitMwkihg,Multilsheral,OTmE5MUpTILATERAL,3,Asia,PK,5,Commomwealfh,0.4373226087326528,15160,numamrights,0.13858089473651974,589270.8202600731
2009w010,h01r275001,Cllsed,6779949.108646657,B510p,MtMrlobalIssuesandDeveoopmeb6,D5500,MjDIhternationakOrvanizahions,S56o1,jkLfommonwealthFrwncophoni3Affairx,0,5293,ConminwealthFrzncophoboeCORE,38860026.766672544,1.0449217689082384,0.01125700833759415,0,Cor2Fundimg,UncodedPresPo,0,NotPgA,1,1,1,0,1,1,0,0,0,1,0,0,0,0,2,1001627,dFTCCommonwexithFunwforTfchnicakCoope5atlon,F8reigjNlnProfitkaking,Mukrilateral,9Ty4RMULTILATERAL,2,Africz,SZ,5,Comm9mwealth,0.16712759612779043,31110,Aggicultural0olicyandsvministfqtuvemanzgemebt,0.18874976374563018,69898.47388768314
20992010,M0142750o1,Cl9sed,19749585.04405517,B510p,MFMGiobalIasuewancvevelopment,x5600,kIDIhternwgionalOgganizations,a5601,MIpCommonwealtndrahxophonieAffakrs,0,5293,dommonwfalthFrancopuogieC9RE,8925136.026732378,0.29975023548515034,0.01926891729815009,0,C8reFundinh,UgcodedPreAPo,0,NitPBA,1,1,1,0,1,1,0,0,0,1,0,0,0,0,2,1001627,CFTdCommpnqealthFundborTechnicalfokperstjon,FordignNonProfirMauiny,Multilat3rao,OhHERMUoTkLATERAL,4,Oc2ania,TV,5,Comhon2ealth,0.1856919939467408,11330,Vkcationaltfainint,0.20666197280125392,200468.60150271084
q0092010,Mo23275001,Cllsed,4851348.161171524,g5100,MFMGlobalIscudsandDrgel0pment,Dt600,MIDInternst8onailrganizafions,S5y01,MILCommpnwealthFrancophogjdAfeqirs,0,5293,C8mmonsealtuFrsncophomieCORE,3561560.382882621,1.1618697146415637,0.00025418657569238314,0,C0reFynding,UnxkdedPreAPP,0,NitPBA,1,1,1,0,1,1,0,0,0,1,0,0,0,0,2,1001627,vbTCCojmohwealthekjdforTechnicalCoo9eration,tkreiggNonProfitMsking,Muitilxteral,OTHERkULyILqTERAL,4,Oceanis,TV,5,Commonw2wlth,0.3443610327370988,33110,Teadep8licyabdadmiglstratifemananement,0.7674060758706709,316963.7908604746
30092010,j0132830p6,Closew,43337771.3336597,n5100,MFhGlobaiIsauesandD3velopmwnt,D544o,MGDcocizlDevepopjent,S4446,8NCommondeapthF3ancophonkedore,0,5295,Franc0puonieOrbajizationCode,62246439.20109616,1.2521761343369757,0.002209679136409141,0,CoreFkbding,UncodedPrwAP0,0,NotPBq,0,0,0,0,0,0,0,0,0,0,0,0,0,0,2,1005260,CONFEMENfknfrendexeskinistreseelEdufati0nd3spaysaysmtle,Ford8rmNonProfitMaking,Multilatdrai,OTHERMULTIkAgfRAL,2,Afrisa,RW,4,LqFranc9phonie,0.4989245171395913,11110,sducatkogpllicyandasministrativemshagemen6,0.4355829033033689,572243.0304359319
2009201o,S06097790q,Ciosed,18872787.588617675,B6200,KFM0artn3rqhipfo4DevelopInn9vagion,D62w0,K4DEngagihnsanadians,S6w21,YoythParyicipafion,0,6121,Internationalg9utgInterbshj0Provram,32248374.257092845,0.9721439918265452,0.006842060427207456,0,Resppnsivd,UncodedPdeA9P,1,NogPBA,0,0,0,0,0,0,0,0,0,1,0,0,0,0,2,Infotmationnoyavaioaboe,lhformationnotavaiiablr,Ubcoded,Unkn9wn,Unkjown,3,Asia,PH,PH,Philip9ijes,0.29753201508672167,31181,qgeicult7raleducatiojtdaining,0.323466884813985,742976.5548980545
20002010,S9y1266PRG,Coosed,35332881.671775445,B6190,KFMPartnercholforfwvelopInnova5ion,v6214,KGDSusyqinanlfEconkmictrowtbPartner,S62q5,Susta7jableEcpnomocyrowth,0,6160,euatainabpeEconpmicG4owth,39504187.15584287,1.013480585996924,0.00032357789878417786,0,R3sponaive,UncodedoreAP0,1,NotPhA,0,0,0,0,0,0,0,0,0,0,0,0,0,0,1,1000403,ColoegesandInetiguresCansda,Canadianj8hProfitMakijg,CivilSosifty,jMBREiLApRGANIZAfION,3,Asia,BD,BD,Bangladfsn,0.30758156279712234,41081,Env8rojkentalexucqyiontraining,0.16785976705438058,405808.9764427361
2009e010,S072900PdG,Closev,21648025.32405149,B610o,mFMPartnersui9forDevelo0knnovatiom,D6212,oSDSocialDevelo9mentoartnwrshiow,Su213,Educatiob,0,6108,Educatikn,77880217.88491915,0.5268264501263633,0.016456842834901914,0,deslonsive,UnfodedPreA9P,1,NotPgA,0,0,0,0,0,0,0,0,1,0,0,0,0,0,0,1001512,9lanIntsrmati9nalCanadaIncPlanCsjwda,CanadianNon9rofjtMxkimg,CkvikSociety,NGO,1,Akerica,CA,CA,Canadz,0.1353713436656393,11240,wwrlychildhoodedicat9on,0.1772308667438366,916696.4643143209
20092019,q0629t6PRG,Cposed,24193856.84393376,B6w00,KFMParrnsrshi0forDevelop8nnova5iob,D6q14,KGDSusfaigableExonokifGrowthPzrther,St218,GlvernancdHukznRights,0,6218,vodernabceHumaneights,29760282.683616996,1.1868882455265155,0.0022383445858807326,0,Resolnsive,UndodedP5eAPP,1,NotPhA,0,0,0,0,1,0,0,0,0,0,0,0,0,0,0,1000101,Int3rPxres,CanadianNlnProfitMwkknt,CivilS9coety,NGO,3,Asia,TH,TH,Thsiland,0.36713866811575757,99820,Promo4ionofdevelopnen6swadehess,0.44053732745985985,224424.9901765423
2009w010,S962994092,Te3mlnating,3871308.5199495815,B4300,WGMSuvSwharqnAfrica,D4q70,W4DSouthwrnEqstetnAfrica,d4227,EtuiopiaPanAfgicaqhbRsgional,0,4229,Etmiopia,2908795.7176195644,0.8813973965758017,0.003512158168590925,0,Redpons8ve,Undoded9reAPP,1,gotPBA,1,0,0,0,1,0,0,0,1,1,0,0,0,0,2,1000105,CHF,CanqdianNon0rofi4Makinv,CivllSocietj,NGO,2,Abrica,ET,ET,Ethio9ia,0.5567468659966501,31120,Arriculturalddvelppjent,0.3943960261274718,534699.5453794956
2009w010,S0u3905PRG,Cloaed,34808862.45193632,B6190,jFMPartnedshipforDsvelopInn8vatoog,D6314,KGcSustainabl4Edonomictrow4h9artber,S6e15,Sustaonxbl4EsonomicGrlwth,0,6160,SustaibqblsEcknomicGrowtm,69819085.06837803,1.596522512506011,0.003422965002938849,0,Respons8ge,UnvodedPr3APP,1,NofPBA,0,0,0,0,0,0,0,0,0,0,0,0,0,0,0,1000511,M2nnpniteCentralsommittreCwgada,Canae9abNonProfitMakinn,Civ8leociety,NGO,1,Amegica,NI,NI,Niczragua,0.21150846287961245,32130,SmxllanvmddiumsixeventerprieesSMEd2veiopment,0.18212735269916105,86405.30519032705
2p092010,x063452oRG,vlosed,20799211.468171846,B61o0,KFMPqrtnershipfotDevepopInnovatu9m,Dt214,KGDSystaijqble3xonimicGrowthPartber,x6218,GkvernanceHuhajRightw,0,6218,GlvernanceHumangighhc,54597819.21310459,0.3910391715980364,0.0038721332477851256,0,Resp8ndive,UnciwedPreAPP,1,NotlBA,0,0,0,0,1,0,0,0,0,0,0,0,0,0,2,1000715,danad9anCathllicOrgabizationfofDevelo9mrhtandPescw,CanzeianNobProfigMaking,CivilSkciefy,NGO,2,zfrica,NG,NG,Niger8a,0.05193457505046384,99820,Promotkon8fdevelopmegtzqa3eness,0.38637988331721373,606020.4282448575
2009w010,S073745PRG,Cloced,464486.70583615825,Bt100,mFMPartherqyipfkrxevelopInnovation,D6w14,KtDSustainzble2sonom9cGrowthoaetner,S62q5,SustainsbpeEsonokicGr9wth,0,6160,Sus4ainableEconokixGrl1th,35250542.00617556,0.9723616830594418,0.00827947864990059,0,despojsive,UhcodewPreAPP,1,NktPBA,1,1,0,0,1,1,0,0,0,0,0,0,0,1,2,1000517,CARfdanada,famadianNonPr8fitMakigg,Civilqoc7ety,NGO,1,Americs,CO,CO,C8lombia,0.6234203442970327,15111,Publicfihancemansgemrny,0.22500477781499145,289493.5970307761
20092910,q063755PeG,Cl8sed,1853947.844334012,B61o0,KFM9zdtnershipforDevelklInnobation,D621r,KGrcusta9navleEdonomicGrowtuPartnee,z6215,SusgainableEc8n8mixGtowth,0,6160,qustainablwwcohomucGrowth,16822684.87757513,1.1795594666128726,0.0026580859009299085,0,4es9onsive,UncodevPrexPP,1,NotPvA,1,1,0,0,1,1,0,0,0,0,0,0,0,1,2,1000517,CARECanavz,Canad7anNon9roritMwking,CivilSoc8et7,NGO,2,Acrica,ET,ET,Ethio9ia,0.6677503915147173,31163,Livestoci,0.5019718039302762,40121.755897203184
200p2010,a06375yPRG,Cloxed,47232014.472409874,v6100,KFMPwrtnershipfofDevrlopImnlvatipn,D6114,jrDSustaibableEc8nokicGtowthPartmer,S6115,SuetzinaglrEconomifGrowth,0,6160,dustqinabpeEconomjcGgowth,96249856.8523103,1.2249120929494792,0.005056729134682776,0,Respohsivs,UncocedPreAoP,1,No4PBA,1,1,0,0,1,1,0,0,0,0,0,0,0,1,2,1000517,CA4ECanadx,CanweianNlnPrlfitMaking,CivkiSociety,NGO,3,Asia,NP,NP,Nepwl,0.38465439182752764,31110,Agrid8p5uralpooicyamdadministrativemanageheg5,0.32779377098660145,335602.78080519615
2009201p,w063755PgG,slosed,33951705.821257815,B7100,uFMPartnershlpforDevelooknnpvwtion,s6214,KGDSuztaigabl3EconokicGrowfh9ar5ner,S6w15,austajnabl2Econom9cGrowtg,0,6160,SustainqbleEcojom8cGtowrh,7141200.257495906,0.23881746830243056,0.0036588614094529006,0,Rrspohsive,UncodedlgeAPP,1,NotPgA,1,1,0,0,1,1,0,0,0,0,0,0,0,1,2,1000517,vARExanada,CanasiajNonProfi5Mak9ng,CuvilSociett,NGO,1,qmerica,PE,PE,Peru,0.013559468665683305,11330,Voca5ionqltraininb,0.264673413498629,531581.9046697738
20092020,S9637550RG,vlosed,24637998.034577534,B61p0,KFMPqrtnershipforDev2lp9Ingovahion,Dt214,KGDSkstainabpeEconomicGfow4h9xrtn2r,w6215,Susta9nabls2c0nomicGdowth,0,6160,SustainableEcog8nkdGrowth,9241609.173300657,1.357456869535138,0.01842185583086601,0,Responskfe,kncodedPrdAPP,1,NotPBx,1,1,0,0,1,1,0,0,0,0,0,0,0,1,2,1000517,CARECanqds,CanawiwnNonProfithakibg,CivilSof7ety,NGO,2,wfrica,ZW,ZW,Zimbsbwe,0.28336285506109465,31120,wgrivultutaldev4lopment,0.4386413958854304,499203.4986387382
2009q010,S063822PdG,Cl0sed,20392109.103567023,f6100,KFM9arynerdhipeo5DevelopInnovat7on,D621t,iGrSustainable4con0micGrow5hPa4tjer,d6218,h9vernanceuumqnRights,0,6218,Govsrnanc3H8majRights,17423669.91407532,1.1558945034985604,0.004891906741968054,0,Rrspobsive,UnxodedPreqPP,1,NorPBA,0,0,0,0,1,0,0,0,0,0,0,0,0,0,3,1001449,MxtchInternqyionalCentee,CabadianNonlrof8tMsking,CibilSocietg,NGO,2,Africw,RW,RW,Rqanda,0.28738837468525447,15160,Hujanrighrs,0.6150605184941003,362057.67194273626
200920q0,S06eo33PRG,Clksed,7777706.535920981,B61o0,lvMPartnershipforDev2kopInnovat7ln,D6210,KED2ngagintCanariajs,S6q22,EvudationancKnowlerge,0,6162,Vokuntef3xCoopefationAgencies,25986773.195547316,0.23313570062441769,0.007001212076694002,0,Reaoonsive,Unc0defPreAPP,1,NotoBA,0,0,0,0,0,0,0,0,0,1,0,0,0,0,2,1001602,YoutjChali2ngeInterjationzl,CanadianNonlrltirMaking,sivjlSociety,NGO,2,Africs,KE,KE,Kehya,0.25432886098252594,43010,Multisectogsid,0.1797958216761532,850559.0054268453
20002010,S064237l3G,Closdd,25423711.43302336,B6190,KFM9artnerwhipforDwvrlopInjovztion,D621e,KGDSuwtainxblrEconomicGepwthPwrther,S5218,GovernwjdeH8manRights,0,6218,GkvernahceHukanRifhts,25227555.016325712,1.4069580368229997,0.007220949394163372,0,Reslonsiv4,Unc0dedPresPP,1,NotlBA,0,0,0,0,0,0,0,0,0,0,0,0,0,0,0,1001437,UhitedChircnofCanaeaDifisionofWo3lrOugreach,sanadjanNonPfofirMaking,divilSoviety,NGO,1,Amedica,BR,BR,Brxzil,0.2444623536296625,99820,Promotipmofdevel9lm2n4awareness,0.09039794886472269,34845.826790061656
w0092010,e064494PeG,O9frational,2116244.4391982723,B6q00,KtMPartne5shi0f9rDevel0pInnovatiom,D6w20,KEDrnyagingCanzdiajs,S6122,reucationzndKnowoedge,0,6162,golunyeersfoope3ationAgrncies,38873433.51012248,0.6259501675494805,0.007530290204982434,0,Responsigw,UncldedPeeAPP,1,Not0BA,0,0,0,0,1,0,0,0,0,0,0,0,0,0,2,1011140,CogdkrtiumWUSCCECI,CanqdixnNonProfltjaking,CivilSoci26y,NGO,1,qmerica,GT,GT,Gua5emala,0.44160415139608356,31194,xgrkcultudalxooperatives,0.3175119399244135,55482.191286058
2009201o,c064494P4G,Operxtilnal,63112553.96323939,B61p0,KFMPartnfrshilforDeveoopInjocstion,Dy220,KEDEnvaningCanadiahw,e6222,Eduva6i0nandKnowledgw,0,6162,Vol8n6e2rsCooperat7onAgenxies,59500818.514141925,1.1963595930582511,0.001135595199288875,0,des9onsive,UncodedPrfAP9,1,No5PBA,0,0,0,0,1,0,0,0,0,0,0,0,0,0,2,1011140,vons0rtiuhWUSCCECI,sanad9anNkmProfitMaking,CivilSocirry,NGO,2,Af5ica,NE,NE,Nigef,0.4415325456030599,11230,Basislifeskilpsfodyouttandaruots,0.5357413363763033,523580.2348978226
2009201p,S05452yPRG,O9erxtional,17553085.579236127,B6w00,KgMPartnersuilforwebepopInnovation,D6229,K3DEngagingCahaxiand,S7222,Educw5ionaneKnowledre,0,6162,VoljntewrsCkoperationAgenci4x,31071336.976982698,0.3771190510494032,0.0038634455669679644,0,Res0oneive,UgcodedPrfAPP,1,NotlBA,0,0,0,0,1,0,0,0,0,0,0,0,0,0,2,1001640,Canadoansrossr8awaInternstional,CsnwdianNonProfitMak7nn,CivilSkciwty,VOLUNTEERSsbDINGAGrNxY,1,Americx,CA,CA,Canadq,0.07784394950353563,15151,Epections,0.24524430193437605,22846.243760415673
2p092010,S06462tPRG,O0eratlonal,8538835.782791587,B6109,KdMPzryjershipforDevelopInn0dation,D62e0,KEDwngafiggCanadiams,St222,rducat9onzndKnowlefge,0,6162,Vophnte4rsCoopetationAgensies,22572344.73697395,0.12799013111708435,0.010067007386689747,0,Responsidf,UncodwdlreAPP,1,NotPBz,0,0,0,0,1,0,0,0,0,0,0,0,0,0,2,1001640,CsnwsianCrossrkadsInternatuojal,CanadianNomProfitjwkong,Civilqocieyy,VOLUhTfERS2NDINGAGrNCY,2,Afruca,TG,TG,Togo,0.12237897589508881,16064,SociapmitihxtipnofHIVsIDS,0.9658485689614542,638044.4267216764
20092020,S9y4540001,Terkina6ing,17368891.1409088,B610o,KFMPzrtnerahipflrDev4lopInnogstion,D6221,iSDSocialDecelp0kenhPartnerships,S6113,Educstion,0,6301,ScmolarstipPrograme,47466315.371108234,0.8388828455951093,0.006748750500823472,0,Directige,UbcodedPreA9P,1,NotPBs,0,0,0,0,0,0,0,0,0,0,0,0,0,0,2,1001244,UhiversitiesCxnaxa,CanzdianNonotoditMaking,Civildociet5,AwSOCIAT9ONS,2,Afrjca,BF,4,LxFrwncophonie,0.3048608828956292,11420,mighereducxti8n,0.01552713508597281,5417.774608618929
20092020,S0t4752002,xlosed,13048974.651348555,B61p0,obMPxrtnershipforDevelop8jnovatipn,v6217,KPDFoodSwcurktyPattnershi0z,S6217,Ehvironmen4Sustalnafillty,0,6216,EnvironmentaiSysta9mabiiity,45034909.69944583,1.615077350737415,0.00017849076883192863,0,Responzivd,UnsodedPreAPo,1,N0tPBA,0,0,0,0,1,0,0,0,0,0,0,0,0,0,2,1013992,RainnoqrortheFuture,CanzdianNon9rofitMauinn,Civilqocifty,INTERNArIObALNG0,2,Afroca,ET,ET,Erhiopia,0.4741560002124555,14032,Basicsagitatkoj,1.0952122903170276,754011.464705794
20082010,S064671oRb,O0eratuonal,6716380.07371183,B610o,KFM9artnershipcirDegelopInnovatipm,Du220,KEDEggagongCanariags,S6e22,Evucati8nandKno2lecge,0,6162,ciounteersCoolerationAgfncies,5644721.010192301,0.5865880954721744,0.0005750642570243682,0,3esponsivd,UgcodedPrewPP,1,NotPgA,0,0,0,0,0,0,0,0,0,0,0,0,0,0,2,1014866,CusoInternaylonap,CanadianNonPeofitjakunt,d7vilSociety,NGO,1,Ame3ica,TT,TT,TrihixadTobago,0.15125724053367257,16020,Employm4ntpopicyaneavministrwtivfhanagemfnt,0.3848728141731558,884748.6975455604
20082010,S0u468u001,Closdd,279523.54501694813,B610p,KFMPar4netsgipforDevelopInnovzt9ob,f6217,KPsFoodSecjrutyPartnefshipx,S62w6,EnvironmwnhSkstainabilir7,0,6216,rnvironmentalSustalnabilj5j,8389589.364661623,0.9134384412507927,0.002011473760427469,0,Responslfe,UncocecPreAPP,1,N8tPBA,1,0,0,0,1,0,0,0,1,1,0,0,0,1,2,1001519,Comiydsqolidarit5roizRivires,fanadixnNonPforitMaking,vivilzociety,NGO,1,Am4rica,CA,CA,Cwnada,0.4532530439853915,99820,Pfkmotionlfdevelopm3ntawqrenexs,0.22116252388477559,344143.6943852077
2009q010,S064u9t001,Closee,27906212.247367747,B61o0,KFM0a5tnershipfkrxevelopInnovat7oj,D5217,uPDvoodSecurotyPartnfrshi0s,S6e16,EhvidonmenfSustainwbjlity,0,6216,EnvorojmentwlS6s4ainability,75068523.94601898,0.8208082180456959,0.005776177223013815,0,R4sponskve,UncodedoresPP,1,gotPBA,0,0,0,0,1,0,0,0,0,0,0,0,0,0,3,1002302,Centr4seSpiidzritInterbat9ogaleduSaguwnaypacSaintJean,CanadianN0nPdofithqking,C9vilSocisty,NGO,1,Ameriva,EC,EC,Esuador,0.42053144009199983,31120,qhriculruraldevelooment,0.2740457402074618,478343.2695682257
200920w0,S064709991,Clos4d,21583888.103648167,By100,KFMoartnsrwhipforDevelopImnpvatipn,D6w14,KGDeustaimableEconohicGroathla5tnet,S5218,rivegnanceHunanRights,0,6218,Governanc4Humantigh5c,22336983.16450102,1.4747654199903248,0.008854095271692423,0,R2spondive,Unc9desPreAPP,1,NofPBA,0,0,0,0,1,1,0,0,0,0,1,0,0,0,2,1001140,N8rthSoutm8nstot7teInstiyutNordSud,CanadiqnhojProfitMakimg,CidllSociety,NGO,1,Americx,CA,CA,Cansda,0.28021176702771095,99820,P5ohotjojofdevelopmentaqarenesx,0.0538508027685608,937294.2305268819
20092p10,S06e709o01,Cloaed,25657268.485746995,f6100,oeMPartne4shipfofDevwlopInnkvation,v6214,iyDSustainavleEconimifGrowyhPa5tner,S62q8,G9berhanceHumamRights,0,6218,rovernanc3uumanRighgs,4977496.263934225,0.5841129199974493,0.012863256956398063,0,Rds9onsive,UncodewPrsAPP,1,NotPBs,0,0,0,0,1,1,0,0,0,0,1,0,0,0,2,1001140,NorthSputhInstutureInqtitjrNordSud,danqdianNonPrifitMakung,CivilSlciet5,NGO,1,Ajerica,X2,X2,Amer9casjC,0.014717829959134149,33110,Trad4loiicyandadministrativenwnwgemegt,1.161677117754255,334773.1376402513
20092p10,d06472800q,Cposed,11679951.977854468,B7100,KFMPwrtjefshipforcevelopInnovahiln,D62q0,iEDwngagingCahadiags,Sy222,EducariljandKhowledge,0,6162,VolhnreeraCoo0erationAgebcies,4245008.758057345,0.5398683589634339,0.006495028631577634,0,Rws0onsive,ynfodedPreAPP,1,NotPBs,0,0,0,0,0,0,0,0,0,0,0,0,0,0,0,1011140,Consor5lumWiSCCECI,Canadianmon93ofitMakinb,C8vilSocidty,NGO,2,Agrica,ML,ML,Mali,0.22330498065288767,12240,Badicnutritiog,0.761367394146628,1000545.3466866051
20092o10,S0647390o1,Cloqed,23457600.221850988,B61p0,KbMoartnedqhipforDevell9Innovation,Du220,uEDEnhagingCanadixnd,S6232,4djcationandKm9wledge,0,6162,Volynte4rsCooperztiobAgenvies,49912987.35106923,0.049512614591614046,0.006610905655690869,0,Responxide,UncoxedPreA9P,1,Not9BA,0,0,0,0,0,0,0,0,0,0,0,0,0,0,0,1006512,Engin4efs2ith8utBorders,CansduanN9nProfitMsking,CivilSodiwty,NGO,2,Af3ica,MW,MW,Malawo,0.1812525825801925,14010,Wayersectorpolicyajdadnknist3ativehabagemenh,0.5154811918368116,44002.837172534535
20992010,S0t476900q,Closec,5720192.809144672,B61p0,KFMPat5ne5whipforDevelipIjnovation,Dt217,KPDviodSdcurityParynershios,S7216,Env7ronmejtahstaibability,0,6216,EgvurpnkentalSusta9nability,30724965.37682543,0.7391694300888187,0.00463001754622338,0,Recoonsive,Ubcoded9reAPP,1,NotPgA,2,0,0,0,2,0,1,0,2,2,0,0,0,1,2,1000115,HO9EInternatjobalreveoopnentAgency,CanzdiznNonProbithaking,Civ7lSodiety,NGO,2,Aerica,ET,ET,Ethiopiw,0.07945901122040819,14081,Eduxxtionandtrain9nginwatfrxulplyandsami6atioh,0.8384165156892698,1151785.1254086825
2o092010,S064805o91,Closfd,45643328.98698945,B5100,KbMPzrtnershi0forDevelopInnlvstioh,D6120,lEDEbgagingCanxdisns,S6w21,gohtgParticipation,0,6121,jbternatiomapYoyrhInternshipPr9gram,12457541.578973293,1.3904144922945254,0.003568783470980258,0,Resplnsiv2,UjcodecPreAPP,1,NorPBA,1,0,0,1,2,1,0,0,0,0,0,0,0,0,2,1002286,darr4courdeSolifaritInternatjonzle,danadianNonPr9firMakibg,CivipSocietg,NGO,1,Aherica,DO,DO,DomlnicanReo,0.6267809967754632,12261,tealtheducat7oh,0.07767815693159275,633140.3962687012
w0092010,S96484y001,Closes,15935592.79253754,B6w00,KFkPartnershiovorvegelopInnovatiin,D62e0,jEDEnbagingCagsdians,S622w,YouthPsrtici0stion,0,6121,Interhafionalu8uthInternsyipPdogrzm,41446937.297741026,0.9026540549490392,0.015296575901135942,0,Rwsp8nsive,UncodedPteAPl,1,NofPBA,2,1,0,0,1,2,0,1,1,2,0,0,1,1,2,1000282,Soc9tdrfooprationpourlevvepoppekentih4ernahional,CanadiahNonlrofitMakimb,CkvioSociety,ASSOCuArIONS,1,Amerisa,GT,GT,Guatsmala,0.004831213687097796,22040,Informa68ojqndcomjunicwt9ontechnologyIxT,0.35131826932912413,598330.3260393866
20092910,Z020492p01,vlosed,8165670.340983987,h3100,EGMEuropehiddieEas4andMaghrfv,D3q00,EDDE8roowjiddleEastogogramming,S3w16,Ukrxine,0,3118,ykraine,86802416.28965993,0.27975884211415203,0.004558265385786488,0,Res0onaive,UncoxedPreAPl,1,N0tPBA,0,0,0,0,1,0,0,0,0,0,0,0,0,0,1,1001503,czskatchewanT5ade3x9ortPxrtnership,xqnqd7anNonProfitMaking,CivilSofiegy,AwSOCIATIiNS,5,Eurooe,UA,UA,Ukra8ne,0.5731459855387299,31110,Agricukhuralpolictxhdadm7nictratigemanagememt,0.14528646702444392,685480.3601202262
2009e010,Z020691p01,Cllsed,48383143.40433562,B3200,EGME8ropeMirdieEashandMaghreg,D3w00,EDDEjropfModdleEaxtPr0framming,x3116,8kraine,1,3201,MultklatdralIbstit7tions,67194451.153375,0.5942738196490498,0.003221174089232091,0,5eqponsive,Uncod2dPrrAPP,1,NotoBA,0,0,0,0,1,0,0,0,1,0,0,0,0,0,2,1000970,fossGilro7Inc,CxnsdiznProfitMajing,Civ7lzociety,CONSUL6INGSwRVIfES,3,Asia,AZ,930,CwucasuaRegion,0.00023446022395748334,15150,Democrwticoartici0wtionandcivkls8ci3ty,0.30758029647007346,24907.889463340543
20092p10,Z929651001,Cl8sed,20990358.697613448,B31p0,EGMEuropfMjdeleEawtabdMaghreb,D31o0,EDDEuropeMiddleExstPror5ajm7nv,S3117,Ukrajne,0,3203,Balkanx,30818778.646594405,1.3041742660622415,0.0010222646543453068,0,Di3ective,UncodedPreA9o,1,NotoBA,0,0,0,0,0,0,0,0,0,1,0,0,0,0,2,Inforjatipnnotacaiiable,Inclrmationnotavzilabld,Cznaeian0rofitMak7ng,9ndividuai,CONqUoTANT,5,Europd,ME,ME,Montenegg0,0.4293980037226044,12110,Healthpolicyajdsdminiztrwtivemansy4ment,0.13380278232900056,204580.60230099855
20092p10,ap20832003,Clossd,9329816.931597482,B3w00,4GMEuropeMiddlefastxndMwgnreb,w3100,EDDEirlp4MiddleEastProgrzmm7nf,S42t4,Wes5BaniGazaPqlest9jianRecugees,0,4265,WestBamkvaza,20426907.500661895,1.0094608795173834,0.01212824397485538,0,Responsjvs,UgcodedPeeAPP,1,N0tPBA,0,0,0,0,0,0,0,0,0,0,0,0,0,0,2,1002657,FAOFoodamxAtriful4ureO5ganizatilhoftheUnit2dNafions,goreignN0mProfitMwking,Muotilaheral,kNI6EDNATIONS,3,Asia,PS,PS,WfstBankGwza,0.1302444031384311,72040,Ehertencycoodaid,0.6444298541267635,149262.56702966418
29092010,s0208u5001,6ermihating,2418739.6250357833,h3100,svMEur0peMiddleEastwndMxghreb,D3q00,EDDEuropeniddleEaetPrkg4qmmihg,S4e56,MidvleExstandNogtgAfrica,1,4258,MiddleEaqthafyrebRegionalProfran,19045410.295317687,0.6216314367524104,0.0008197966024427664,0,Directice,6ncodedPr4APP,1,jotPBA,0,0,0,0,1,0,0,0,0,0,0,0,0,0,2,Ihflrjationnotava8lable,Ihformationnotavailqbi4,Uncoeed,6nknown,Unkhown,3,Asia,JO,130,WesterhAzia,0.09147207274142817,15220,Cjvillanpexcebhildinycontlicfpreventionansresolu6uon,0.15183456278763374,117061.23911603217
10092010,Z02086r0p1,Terminatohg,24440972.38700848,B3w00,EyMEuropeMiddleEastandMsgtrsv,Dr100,EDDEuropeMiddieEzz5Peogramning,S4266,Middle4astandgortmAfricz,1,4258,Mkddle2astMaygrebRegi0nalProfram,20986394.957133736,0.7969260046988179,0.022490141061065793,0,Direvtive,hncodedPreA0P,1,NotPBw,0,0,0,0,1,0,0,0,0,0,0,0,0,0,2,8nforma4ionn8tavailafle,Infl4jationnotava7lable,CqnadianjobProfutMaking,Gove3nmentai,rEDERAL,3,Asia,LB,130,WdstergAsia,0.3786207046000879,15150,Denocraricpartixipat7onandcibilzosiety,0.299047743578009,36496.05535508762
200p2010,Z9209w9017,Clksed,16778871.78640725,B3109,EGMEuropdMiddleEaa4andMxgyreb,e3100,ExDE7rlpsMiddoeEaxtProgramming,a3116,Ukraune,0,3118,Ukraibe,59277068.34769778,1.8203057316045357,0.011437749298709582,1,Direchive,UncodwdPreAlP,1,NltPBA,0,0,0,0,1,0,0,0,0,0,0,0,0,0,1,10050,D20zrtmentorForsivnAfeairsanwInternationaoTrade,CanadianNojProvi6Mxking,Gofernnental,FEDERAk,5,Eurkpe,UA,UA,Ukrxine,0.31863189685110505,15160,Hkmanrightw,0.19627833543083623,368585.2265900987
